CustomerID,Frequency,Monetary,LastPurchase,Recency,R_score,F_score,M_score,RFM_Score,Segment
12346.0,1,77183.6,2011-01-18 10:01:00,326,1,1,4,114,Low Value
12347.0,7,4310.0,2011-12-07 15:52:00,2,4,4,4,444,High Value
12348.0,4,1797.24,2011-09-25 13:13:00,75,2,3,4,234,Low Value
12349.0,1,1757.55,2011-11-21 09:51:00,19,3,1,4,314,Low Value
12350.0,1,334.4,2011-02-02 16:01:00,310,1,1,2,112,Low Value
12352.0,8,2506.04,2011-11-03 14:37:00,36,3,4,4,344,High Value
12353.0,1,89.0,2011-05-19 17:47:00,204,1,1,1,111,Low Value
12354.0,1,1079.4,2011-04-21 13:11:00,232,1,1,3,113,Low Value
12355.0,1,459.4,2011-05-09 13:49:00,214,1,1,2,112,Low Value
12356.0,3,2811.43,2011-11-17 08:40:00,23,3,3,4,334,High Value
12357.0,1,6207.67,2011-11-06 16:07:00,33,3,1,4,314,Low Value
12358.0,2,1168.06,2011-12-08 10:26:00,2,4,2,3,423,Loyal
12359.0,4,6372.58,2011-10-13 12:47:00,58,2,3,4,234,Low Value
12360.0,3,2662.06,2011-10-18 15:22:00,52,2,3,4,234,Low Value
12361.0,1,189.9,2011-02-25 13:51:00,287,1,1,1,111,Low Value
12362.0,10,5226.23,2011-12-06 15:40:00,3,4,4,4,444,High Value
12363.0,2,552.0,2011-08-22 10:18:00,110,2,2,2,222,Low Value
12364.0,4,1313.1,2011-12-02 10:22:00,8,4,3,3,433,High Value
12365.0,2,641.38,2011-02-21 14:04:00,291,1,2,2,122,Low Value
12367.0,1,168.9,2011-12-05 16:48:00,4,4,1,1,411,Low Value
12370.0,4,3545.69,2011-10-19 14:51:00,51,3,3,4,334,High Value
12371.0,2,1887.96,2011-10-26 10:16:00,45,3,2,4,324,Loyal
12372.0,3,1298.04,2011-09-29 12:12:00,72,2,3,3,233,Low Value
12373.0,1,364.6,2011-02-01 13:10:00,311,1,1,2,112,Low Value
12374.0,1,742.93,2011-11-14 15:37:00,25,3,1,3,313,Low Value
12375.0,2,457.5,2011-11-29 10:36:00,11,4,2,2,422,Loyal
12377.0,2,1628.12,2011-01-28 15:45:00,315,1,2,3,123,Low Value
12378.0,1,4008.62,2011-08-02 10:34:00,130,2,1,4,214,Low Value
12379.0,2,852.24,2011-09-19 10:09:00,82,2,2,3,223,Low Value
12380.0,4,2724.81,2011-11-18 11:27:00,22,3,3,4,334,High Value
12381.0,5,1845.31,2011-12-05 12:44:00,5,4,3,4,434,High Value
12383.0,5,1850.56,2011-06-08 08:02:00,185,1,3,4,134,Low Value
12384.0,2,585.27,2011-11-11 08:39:00,29,3,2,2,322,Loyal
12386.0,2,401.9,2011-01-06 12:37:00,338,1,2,2,122,Low Value
12388.0,6,2780.66,2011-11-24 12:30:00,16,4,4,4,444,High Value
12390.0,1,549.84,2011-09-21 09:33:00,80,2,1,2,212,Low Value
12391.0,1,460.89,2011-11-18 12:07:00,22,3,1,2,312,Low Value
12393.0,4,1582.6,2011-09-28 15:41:00,72,2,3,3,233,Low Value
12394.0,2,1272.48,2011-10-07 08:08:00,64,2,2,3,223,Low Value
12395.0,12,3018.63,2011-11-20 15:21:00,19,3,4,4,344,High Value
12397.0,2,2409.9,2011-11-04 09:52:00,36,3,2,4,324,Loyal
12398.0,1,1635.66,2011-10-25 10:27:00,46,3,1,3,313,Low Value
12399.0,4,1108.65,2011-08-12 13:15:00,119,2,3,3,233,Low Value
12401.0,1,84.3,2011-02-09 13:50:00,303,1,1,1,111,Low Value
12402.0,1,225.6,2011-01-20 13:49:00,323,1,1,1,111,Low Value
12403.0,1,427.7,2011-10-21 10:51:00,50,3,1,2,312,Low Value
12405.0,1,1710.39,2011-07-14 08:52:00,149,1,1,4,114,Low Value
12406.0,2,3415.3,2011-11-17 19:22:00,22,3,2,4,324,Loyal
12407.0,5,1708.12,2011-10-21 10:11:00,50,3,3,4,334,High Value
12408.0,5,2888.55,2011-11-07 12:27:00,33,3,3,4,334,High Value
12409.0,3,11072.67,2011-09-22 10:38:00,79,2,3,4,234,Low Value
12410.0,2,693.33,2011-02-04 10:39:00,309,1,2,3,123,Low Value
12412.0,3,1226.88,2011-09-26 10:16:00,75,2,3,3,233,Low Value
12413.0,3,758.1,2011-10-04 09:00:00,67,2,3,3,233,Low Value
12414.0,3,562.41,2011-05-06 14:51:00,217,1,3,2,132,Low Value
12415.0,21,124914.53,2011-11-15 14:22:00,24,3,4,4,344,High Value
12417.0,9,3649.1,2011-12-06 14:52:00,3,4,4,4,444,High Value
12418.0,1,668.58,2011-08-19 11:08:00,113,2,1,2,212,Low Value
12420.0,1,600.39,2011-10-07 08:55:00,64,2,1,2,212,Low Value
12421.0,4,807.04,2011-11-24 09:07:00,16,4,3,3,433,High Value
12422.0,3,803.56,2011-09-05 09:48:00,96,2,3,3,233,Low Value
12423.0,8,1859.31,2011-12-09 10:10:00,1,4,4,4,444,High Value
12424.0,2,1760.96,2011-06-30 12:06:00,163,1,2,4,124,Low Value
12425.0,1,777.2,2011-09-22 17:31:00,78,2,1,3,213,Low Value
12426.0,1,582.73,2011-05-29 12:26:00,195,1,1,2,112,Low Value
12427.0,3,825.8,2011-11-18 08:56:00,22,3,3,3,333,High Value
12428.0,9,7956.46,2011-11-14 08:22:00,26,3,4,4,344,High Value
12429.0,4,3750.4,2011-11-30 17:22:00,9,4,3,4,434,High Value
12430.0,1,256.4,2011-10-27 15:09:00,43,3,1,1,311,Low Value
12431.0,15,6487.45,2011-11-04 11:55:00,36,3,4,4,344,High Value
12432.0,5,5059.32,2011-10-28 11:43:00,43,3,3,4,334,High Value
12433.0,7,13375.87,2011-12-09 10:02:00,1,4,4,4,444,High Value
12434.0,2,806.14,2011-09-16 12:38:00,85,2,2,3,223,Low Value
12435.0,2,7829.89,2011-09-21 09:06:00,80,2,2,4,224,Low Value
12436.0,1,509.01,2011-09-01 12:09:00,100,2,1,2,212,Low Value
12437.0,18,4951.41,2011-12-08 11:35:00,2,4,4,4,444,High Value
12438.0,2,2906.85,2011-11-25 13:28:00,14,4,2,4,424,Loyal
12441.0,1,173.55,2010-12-08 10:45:00,367,1,1,1,111,Low Value
12442.0,1,172.06,2011-12-06 14:22:00,3,4,1,1,411,Low Value
12444.0,5,5005.46,2011-11-18 13:23:00,21,3,3,4,334,High Value
12445.0,1,133.4,2011-11-17 18:43:00,22,3,1,1,311,Low Value
12446.0,1,1002.31,2011-10-13 12:50:00,58,2,1,3,213,Low Value
12447.0,1,476.49,2011-04-10 13:25:00,243,1,1,2,112,Low Value
12448.0,1,449.45,2011-10-26 13:46:00,44,3,1,2,312,Low Value
12449.0,4,4067.29,2011-11-17 13:46:00,22,3,3,4,334,High Value
12450.0,2,197.88,2011-07-06 14:41:00,156,1,2,1,121,Low Value
12451.0,5,9035.52,2011-11-29 08:40:00,11,4,3,4,434,High Value
12452.0,2,430.57,2011-11-23 10:28:00,17,4,2,2,422,Loyal
12453.0,1,707.09,2011-07-28 14:08:00,134,2,1,3,213,Low Value
12454.0,1,3528.34,2011-10-14 17:13:00,56,2,1,4,214,Low Value
12455.0,6,2466.86,2011-09-27 15:31:00,73,2,4,4,244,Low Value
12456.0,3,3181.04,2011-10-26 14:41:00,44,3,3,4,334,High Value
12457.0,7,2363.23,2011-10-04 13:13:00,66,2,4,4,244,Low Value
12458.0,2,947.4,2011-09-29 15:25:00,71,2,2,3,223,Low Value
12461.0,2,826.88,2011-09-06 16:57:00,94,2,2,3,223,Low Value
12462.0,2,1189.59,2011-11-21 09:11:00,19,3,2,3,323,Loyal
12463.0,4,1344.78,2011-10-17 13:44:00,53,2,3,3,233,Low Value
12464.0,8,1212.05,2011-11-29 13:33:00,10,4,4,3,443,High Value
12465.0,2,742.19,2011-11-22 16:34:00,17,4,2,3,423,Loyal
12468.0,2,729.54,2011-06-05 11:36:00,188,1,2,3,123,Low Value
12471.0,30,19824.05,2011-12-07 15:43:00,2,4,4,4,444,High Value
12472.0,7,6572.11,2011-11-07 14:01:00,32,3,4,4,344,High Value
12473.0,5,3938.55,2011-11-10 13:46:00,29,3,3,4,334,High Value
12474.0,18,7375.79,2011-11-22 14:39:00,17,4,4,4,444,High Value
12475.0,1,723.38,2011-10-17 10:10:00,54,2,1,3,213,Low Value
12476.0,11,6816.42,2011-11-24 12:40:00,16,4,4,4,444,High Value
12477.0,6,13219.74,2011-11-17 09:51:00,23,3,4,4,344,High Value
12478.0,1,680.99,2011-12-06 09:56:00,4,4,1,3,413,Low Value
12479.0,1,527.2,2011-11-28 13:26:00,11,4,1,2,412,Low Value
12480.0,4,3281.63,2011-11-11 14:52:00,28,3,3,4,334,High Value
12481.0,10,5596.32,2011-11-17 08:29:00,23,3,4,4,344,High Value
12483.0,8,2484.98,2011-11-22 17:02:00,17,4,4,4,444,High Value
12484.0,6,4541.72,2011-11-07 11:37:00,33,3,4,4,344,High Value
12488.0,3,1298.66,2011-11-30 08:50:00,10,4,3,3,433,High Value
12489.0,1,334.93,2011-01-07 13:13:00,336,1,1,2,112,Low Value
12490.0,10,5417.93,2011-12-04 16:07:00,5,4,4,4,444,High Value
12491.0,1,460.4,2011-11-01 12:18:00,39,3,1,2,312,Low Value
12492.0,2,263.21,2011-10-07 15:15:00,63,2,2,1,221,Low Value
12493.0,2,433.74,2011-06-27 10:17:00,166,1,2,2,122,Low Value
12494.0,7,1246.1,2011-11-24 09:34:00,16,4,4,3,443,High Value
12497.0,1,1043.1,2011-09-19 12:29:00,82,2,1,3,213,Low Value
12498.0,3,403.7,2011-11-18 12:53:00,21,3,3,2,332,Loyal
12500.0,11,4257.82,2011-11-16 16:20:00,23,3,4,4,344,High Value
12501.0,1,2169.39,2011-01-07 12:28:00,337,1,1,4,114,Low Value
12502.0,5,3723.87,2011-09-05 11:52:00,96,2,3,4,234,Low Value
12504.0,2,482.05,2011-11-21 16:02:00,18,4,2,2,422,Loyal
12506.0,1,73.5,2011-04-21 08:54:00,233,1,1,1,111,Low Value
12507.0,3,1304.81,2011-07-28 17:09:00,134,2,3,3,233,Low Value
12508.0,2,398.27,2011-11-13 15:37:00,26,3,2,2,322,Loyal
12509.0,1,176.5,2011-02-28 14:45:00,284,1,1,1,111,Low Value
12510.0,2,982.57,2011-07-20 10:15:00,143,1,2,3,123,Low Value
12512.0,2,138.03,2011-10-04 14:55:00,66,2,2,1,221,Low Value
12513.0,1,612.29,2011-08-19 10:51:00,113,2,1,2,212,Low Value
12514.0,1,1017.68,2011-03-17 16:38:00,267,1,1,3,113,Low Value
12515.0,1,383.7,2010-12-21 15:43:00,353,1,1,2,112,Low Value
12516.0,2,1312.06,2011-09-23 09:13:00,78,2,2,3,223,Low Value
12517.0,5,2502.84,2011-11-11 14:04:00,28,3,3,4,334,High Value
12518.0,5,2056.89,2011-12-09 10:13:00,1,4,3,4,434,High Value
12519.0,1,340.84,2011-10-07 09:26:00,64,2,1,2,212,Low Value
12520.0,5,2634.26,2011-09-21 15:23:00,79,2,3,4,234,Low Value
12521.0,1,599.68,2011-07-20 10:51:00,143,1,1,2,112,Low Value
12522.0,2,192.72,2011-10-31 15:30:00,39,3,2,1,321,Loyal
12523.0,11,1789.77,2011-11-20 12:55:00,19,3,4,4,344,High Value
12524.0,8,4485.72,2011-11-30 15:31:00,9,4,4,4,444,High Value
12526.0,3,1316.66,2011-12-09 12:09:00,1,4,3,3,433,High Value
12527.0,3,348.71,2011-09-19 11:55:00,82,2,3,2,232,Low Value
12528.0,6,1933.48,2011-11-30 14:40:00,9,4,4,4,444,High Value
12530.0,4,1662.28,2011-10-11 12:34:00,60,2,3,4,234,Low Value
12531.0,1,125.22,2011-11-25 11:12:00,15,4,1,1,411,Low Value
12532.0,1,349.83,2011-11-09 13:47:00,30,3,1,2,312,Low Value
12534.0,1,1089.18,2011-08-01 10:26:00,131,2,1,3,213,Low Value
12535.0,2,716.35,2011-09-09 08:48:00,92,2,2,3,223,Low Value
12536.0,3,12601.83,2011-10-27 14:20:00,43,3,3,4,334,High Value
12538.0,1,363.95,2011-11-10 17:16:00,29,3,1,2,312,Low Value
12539.0,4,5568.35,2011-11-17 13:30:00,22,3,3,4,334,High Value
12540.0,17,13400.24,2011-11-20 11:31:00,20,3,4,4,344,High Value
12541.0,3,981.18,2011-11-10 10:40:00,30,3,3,3,333,High Value
12544.0,1,372.7,2011-11-03 16:15:00,36,3,1,2,312,Low Value
12545.0,2,1000.39,2011-09-25 13:39:00,75,2,2,3,223,Low Value
12546.0,2,1161.5,2011-10-24 12:09:00,47,3,2,3,323,Loyal
12547.0,2,207.8,2011-05-26 12:38:00,198,1,2,1,121,Low Value
12548.0,1,95.2,2011-06-26 15:35:00,166,1,1,1,111,Low Value
12550.0,1,964.83,2011-09-21 14:35:00,79,2,1,3,213,Low Value
12551.0,1,168.0,2010-12-17 11:23:00,358,1,1,1,111,Low Value
12552.0,2,437.82,2011-11-01 10:02:00,39,3,2,2,322,Loyal
12553.0,10,3692.28,2011-12-01 16:38:00,8,4,4,4,444,High Value
12556.0,2,603.71,2011-10-20 13:06:00,50,3,2,2,322,Loyal
12557.0,5,11990.96,2011-11-23 16:59:00,16,4,3,4,434,High Value
12558.0,1,269.96,2011-12-02 10:41:00,8,4,1,1,411,Low Value
12559.0,2,561.71,2011-02-02 09:49:00,311,1,2,2,122,Low Value
12560.0,3,2134.01,2011-12-04 13:54:00,5,4,3,4,434,High Value
12561.0,1,238.85,2011-02-10 11:39:00,303,1,1,1,111,Low Value
12562.0,7,3781.74,2011-12-01 17:20:00,8,4,4,4,444,High Value
12564.0,1,456.9,2011-03-23 14:55:00,261,1,1,2,112,Low Value
12565.0,1,145.92,2011-02-24 10:34:00,289,1,1,1,111,Low Value
12566.0,1,351.65,2011-09-14 14:30:00,86,2,1,2,212,Low Value
12567.0,10,9401.28,2011-11-17 11:02:00,23,3,4,4,344,High Value
12569.0,32,4124.69,2011-12-07 16:24:00,2,4,4,4,444,High Value
12571.0,2,519.61,2011-10-31 10:19:00,40,3,2,2,322,Loyal
12572.0,2,1020.42,2011-12-01 09:20:00,9,4,2,3,423,Loyal
12573.0,1,160.54,2011-04-26 15:52:00,227,1,1,1,111,Low Value
12574.0,1,218.45,2011-01-28 09:20:00,316,1,1,1,111,Low Value
12576.0,5,1315.83,2011-11-04 10:11:00,36,3,3,3,333,High Value
12577.0,3,657.8,2011-11-04 13:24:00,35,3,3,2,332,Loyal
12578.0,2,2794.51,2011-11-18 13:30:00,21,3,2,4,324,Loyal
12579.0,1,440.42,2011-09-22 17:15:00,78,2,1,2,212,Low Value
12580.0,1,415.7,2011-04-07 10:24:00,247,1,1,2,112,Low Value
12581.0,1,197.71,2011-10-31 08:56:00,40,3,1,1,311,Low Value
12582.0,2,511.36,2011-04-15 08:45:00,239,1,2,2,122,Low Value
12583.0,15,7281.38,2011-12-07 08:07:00,3,4,4,4,444,High Value
12584.0,9,2338.15,2011-12-06 09:35:00,4,4,4,4,444,High Value
12585.0,2,2040.1,2011-04-19 13:39:00,234,1,2,4,124,Low Value
12586.0,1,196.94,2011-11-22 16:24:00,17,4,1,1,411,Low Value
12587.0,1,144.0,2011-12-02 12:47:00,8,4,1,1,411,Low Value
12588.0,1,214.9,2011-10-31 15:01:00,39,3,1,1,311,Low Value
12589.0,2,646.68,2011-11-11 10:19:00,29,3,2,2,322,Loyal
12590.0,2,9864.26,2011-05-12 14:52:00,211,1,2,4,124,Low Value
12591.0,1,452.85,2011-01-26 14:35:00,317,1,1,2,112,Low Value
12592.0,2,437.6,2011-09-08 15:04:00,92,2,2,2,222,Low Value
12593.0,3,418.1,2011-08-23 12:43:00,109,2,3,2,232,Low Value
12594.0,10,3338.22,2011-11-02 12:20:00,38,3,4,4,344,High Value
12596.0,2,618.27,2011-10-19 13:02:00,51,3,2,2,322,Loyal
12597.0,4,3811.22,2011-11-20 13:33:00,19,3,3,4,334,High Value
12598.0,8,3023.08,2011-11-30 12:18:00,10,4,4,4,444,High Value
12599.0,7,1032.58,2011-11-10 13:34:00,29,3,4,3,343,High Value
12600.0,10,2599.04,2011-11-11 10:29:00,29,3,4,4,344,High Value
12601.0,5,577.06,2011-06-03 10:17:00,190,1,3,2,132,Low Value
12602.0,1,153.12,2011-10-12 11:22:00,59,2,1,1,211,Low Value
12603.0,1,739.2,2011-11-18 10:42:00,22,3,1,3,313,Low Value
12604.0,2,254.18,2011-09-21 14:08:00,79,2,2,1,221,Low Value
12607.0,1,1579.51,2011-10-10 16:06:00,60,2,1,3,213,Low Value
12609.0,3,1126.85,2011-09-22 16:34:00,78,2,3,3,233,Low Value
12610.0,5,2099.54,2011-11-17 09:34:00,23,3,3,4,334,High Value
12611.0,1,1193.32,2011-10-18 13:12:00,52,2,1,3,213,Low Value
12612.0,1,704.04,2011-09-26 15:35:00,74,2,1,3,213,Low Value
12613.0,5,3344.38,2011-10-13 14:59:00,57,2,3,4,234,Low Value
12614.0,1,315.6,2011-03-07 10:22:00,278,1,1,2,112,Low Value
12615.0,4,2291.19,2011-12-07 15:02:00,2,4,3,4,434,High Value
12616.0,2,713.3,2011-09-05 15:17:00,95,2,2,3,223,Low Value
12617.0,1,355.53,2011-11-10 14:39:00,29,3,1,2,312,Low Value
12618.0,1,177.31,2011-11-18 11:10:00,22,3,1,1,311,Low Value
12619.0,9,3641.24,2011-11-23 14:52:00,16,4,4,4,444,High Value
12620.0,3,1339.41,2011-11-25 10:20:00,15,4,3,3,433,High Value
12621.0,20,13689.67,2011-12-08 11:25:00,2,4,4,4,444,High Value
12622.0,1,180.1,2011-04-21 16:39:00,232,1,1,1,111,Low Value
12623.0,1,305.1,2011-03-08 13:50:00,276,1,1,1,111,Low Value
12624.0,2,641.13,2011-08-25 15:04:00,106,2,2,2,222,Low Value
12625.0,2,2683.82,2011-05-12 09:54:00,212,1,2,4,124,Low Value
12626.0,9,6620.48,2011-11-16 16:06:00,23,3,4,4,344,High Value
12627.0,7,4478.53,2011-11-29 12:07:00,11,4,4,4,444,High Value
12628.0,3,786.46,2011-12-05 13:15:00,4,4,3,3,433,High Value
12630.0,2,1270.88,2011-11-30 10:48:00,10,4,2,3,423,Loyal
12631.0,1,640.5,2011-10-13 13:53:00,57,2,1,2,212,Low Value
12633.0,4,2163.98,2011-10-12 11:40:00,59,2,3,4,234,Low Value
12635.0,2,1689.18,2011-09-11 11:04:00,90,2,2,4,224,Low Value
12637.0,8,6021.9,2011-10-03 13:46:00,67,2,4,4,244,Low Value
12638.0,1,671.69,2011-11-06 13:11:00,33,3,1,2,312,Low Value
12639.0,1,486.1,2011-04-15 12:48:00,239,1,1,2,112,Low Value
12640.0,3,1174.58,2011-11-16 11:52:00,24,3,3,3,333,High Value
12641.0,1,185.9,2011-08-16 13:26:00,115,2,1,1,211,Low Value
12642.0,3,1013.26,2011-11-14 15:03:00,25,3,3,3,333,High Value
12643.0,6,3344.64,2011-08-03 12:56:00,128,2,4,4,244,Low Value
12644.0,1,477.91,2011-08-02 10:33:00,130,2,1,2,212,Low Value
12645.0,4,1775.18,2011-11-06 12:38:00,34,3,3,4,334,High Value
12646.0,2,1346.97,2011-12-05 10:14:00,5,4,2,3,423,Loyal
12647.0,12,3722.82,2011-11-17 12:56:00,22,3,4,4,344,High Value
12648.0,1,318.05,2011-07-08 11:55:00,155,1,1,2,112,Low Value
12649.0,3,623.51,2011-08-24 14:41:00,107,2,3,2,232,Low Value
12650.0,1,314.44,2011-12-06 16:34:00,3,4,1,2,412,Low Value
12651.0,1,114.0,2011-01-09 12:46:00,335,1,1,1,111,Low Value
12652.0,1,919.98,2011-01-12 15:00:00,331,1,1,3,113,Low Value
12653.0,2,2209.85,2011-07-14 10:41:00,149,1,2,4,124,Low Value
12654.0,5,601.98,2011-11-29 10:10:00,11,4,3,2,432,Loyal
12656.0,5,4051.17,2011-11-22 13:42:00,17,4,3,4,434,High Value
12657.0,4,1643.18,2011-11-28 15:47:00,11,4,3,3,433,High Value
12658.0,1,686.05,2011-11-21 10:22:00,19,3,1,3,313,Low Value
12659.0,1,91.68,2011-11-10 11:53:00,30,3,1,1,311,Low Value
12660.0,1,245.1,2011-11-28 13:26:00,11,4,1,1,411,Low Value
12662.0,11,3849.78,2011-12-09 11:59:00,1,4,4,4,444,High Value
12664.0,9,4881.88,2011-12-01 17:07:00,8,4,4,4,444,High Value
12665.0,1,63.0,2011-01-19 08:34:00,325,1,1,1,111,Low Value
12667.0,1,620.13,2011-10-12 17:00:00,58,2,1,2,212,Low Value
12668.0,4,3807.15,2011-11-28 10:56:00,12,4,3,4,434,High Value
12669.0,3,2744.03,2011-07-12 09:54:00,151,1,3,4,134,Low Value
12670.0,5,2996.05,2011-11-29 15:23:00,10,4,3,4,434,High Value
12672.0,1,225.9,2011-01-14 09:20:00,330,1,1,1,111,Low Value
12673.0,2,610.52,2011-12-04 13:55:00,5,4,2,2,422,Loyal
12674.0,4,1970.6,2011-11-01 12:12:00,39,3,3,4,334,High Value
12676.0,6,1331.39,2011-11-15 12:25:00,25,3,4,3,343,High Value
12678.0,12,17628.46,2011-10-28 13:04:00,42,3,4,4,344,High Value
12679.0,4,1113.02,2011-10-12 12:30:00,59,2,3,3,233,Low Value
12680.0,4,862.81,2011-12-09 12:50:00,1,4,3,3,433,High Value
12681.0,22,13787.54,2011-11-25 11:33:00,15,4,4,4,444,High Value
12682.0,31,12288.22,2011-12-06 10:00:00,4,4,4,4,444,High Value
12683.0,15,8476.57,2011-12-05 16:31:00,4,4,4,4,444,High Value
12684.0,7,2283.63,2011-12-02 09:53:00,8,4,4,4,444,High Value
12685.0,6,2863.08,2011-11-11 13:46:00,28,3,4,4,344,High Value
12686.0,1,89.14,2010-12-03 09:51:00,372,1,1,1,111,Low Value
12688.0,1,4873.81,2011-08-18 08:49:00,114,2,1,4,214,Low Value
12689.0,2,1247.61,2011-11-14 08:31:00,26,3,2,3,323,Loyal
12690.0,1,389.01,2011-05-18 09:09:00,206,1,1,2,112,Low Value
12691.0,6,1035.8,2011-11-11 16:49:00,28,3,4,3,343,High Value
12693.0,4,855.91,2011-08-04 17:51:00,127,2,3,3,233,Low Value
12694.0,2,869.67,2011-09-30 13:06:00,70,2,2,3,223,Low Value
12695.0,4,582.1,2011-12-02 13:22:00,7,4,3,2,432,Loyal
12697.0,3,957.59,2011-11-11 08:47:00,29,3,3,3,333,High Value
12700.0,4,4939.99,2011-12-02 10:47:00,8,4,3,4,434,High Value
12701.0,2,797.71,2011-09-21 10:47:00,80,2,2,3,223,Low Value
12702.0,1,219.0,2011-11-20 10:36:00,20,3,1,1,311,Low Value
12703.0,1,283.55,2011-09-29 17:52:00,71,2,1,1,211,Low Value
12704.0,8,2340.84,2011-12-02 13:15:00,7,4,4,4,444,High Value
12705.0,9,6868.29,2011-11-24 13:17:00,15,4,4,4,444,High Value
12707.0,1,603.42,2011-02-21 08:38:00,292,1,1,2,112,Low Value
12708.0,10,2712.91,2011-11-10 09:52:00,30,3,4,4,344,High Value
12709.0,15,9736.52,2011-11-24 15:38:00,15,4,4,4,444,High Value
12710.0,3,1149.02,2011-09-04 12:00:00,97,2,3,3,233,Low Value
12712.0,13,4396.13,2011-11-11 08:19:00,29,3,4,4,344,High Value
12713.0,1,848.55,2011-12-09 12:16:00,1,4,1,3,413,Low Value
12714.0,5,4708.86,2011-11-30 15:43:00,9,4,3,4,434,High Value
12715.0,1,353.86,2011-08-25 15:22:00,106,2,1,2,212,Low Value
12716.0,2,1053.49,2011-12-06 08:55:00,4,4,2,3,423,Loyal
12717.0,2,1030.98,2011-07-11 14:47:00,151,1,2,3,123,Low Value
12718.0,1,238.25,2011-09-29 16:38:00,71,2,1,1,211,Low Value
12719.0,2,644.95,2011-12-04 13:45:00,5,4,2,2,422,Loyal
12720.0,25,5781.73,2011-12-07 08:03:00,3,4,4,4,444,High Value
12721.0,6,2656.13,2011-11-08 12:13:00,32,3,4,4,344,High Value
12722.0,4,997.63,2011-09-15 14:50:00,85,2,3,3,233,Low Value
12723.0,5,725.07,2011-12-06 10:19:00,4,4,3,3,433,High Value
12724.0,4,1031.41,2011-12-04 16:02:00,5,4,3,3,433,High Value
12725.0,1,427.8,2010-12-03 15:45:00,371,1,1,2,112,Low Value
12726.0,7,2609.1,2011-11-11 13:35:00,28,3,4,4,344,High Value
12727.0,7,3980.7,2011-11-29 11:46:00,11,4,4,4,444,High Value
12728.0,4,836.33,2011-09-29 15:31:00,71,2,3,3,233,Low Value
12729.0,1,453.01,2011-08-18 11:40:00,114,2,1,2,212,Low Value
12731.0,12,18895.91,2011-11-16 11:59:00,24,3,4,4,344,High Value
12732.0,1,236.26,2011-06-13 11:33:00,180,1,1,1,111,Low Value
12733.0,1,383.95,2011-04-19 16:19:00,234,1,1,2,112,Low Value
12734.0,1,110.4,2010-12-22 12:47:00,353,1,1,1,111,Low Value
12735.0,2,779.57,2011-01-28 13:37:00,315,1,2,3,123,Low Value
12736.0,1,234.0,2011-01-11 07:57:00,333,1,1,1,111,Low Value
12738.0,1,155.35,2010-12-02 18:27:00,372,1,1,1,111,Low Value
12739.0,2,1013.04,2011-09-22 13:00:00,78,2,2,3,223,Low Value
12740.0,1,427.6,2011-10-07 10:44:00,64,2,1,2,212,Low Value
12743.0,2,546.43,2011-07-28 16:21:00,134,2,2,2,222,Low Value
12744.0,7,21279.29,2011-10-19 11:18:00,52,2,4,4,244,Low Value
12747.0,11,4196.01,2011-12-07 14:34:00,2,4,4,4,444,High Value
12748.0,210,33719.73,2011-12-09 12:20:00,1,4,4,4,444,High Value
12749.0,5,4090.88,2011-12-06 09:56:00,4,4,3,4,434,High Value
12750.0,1,275.88,2011-08-03 09:13:00,129,2,1,1,211,Low Value
12752.0,1,4366.78,2011-09-19 13:32:00,81,2,1,4,214,Low Value
12753.0,6,21429.39,2011-11-17 10:52:00,23,3,4,4,344,High Value
12754.0,3,3010.74,2011-04-18 09:00:00,236,1,3,4,134,Low Value
12755.0,2,3811.95,2011-03-04 12:42:00,281,1,2,4,124,Low Value
12756.0,1,112.08,2011-09-14 09:31:00,87,2,1,1,211,Low Value
12757.0,13,7857.1,2011-11-24 12:30:00,16,4,4,4,444,High Value
12758.0,2,2791.59,2011-08-15 10:22:00,117,2,2,4,224,Low Value
12759.0,3,1531.44,2011-10-18 14:49:00,52,2,3,3,233,Low Value
12762.0,2,1898.52,2011-12-02 10:23:00,8,4,2,4,424,Loyal
12763.0,2,494.08,2011-07-24 14:12:00,138,2,2,2,222,Low Value
12764.0,1,1693.88,2011-01-27 10:19:00,317,1,1,4,114,Low Value
12766.0,7,6989.63,2011-12-06 08:46:00,4,4,4,4,444,High Value
12769.0,1,1143.6,2011-04-15 10:25:00,239,1,1,3,113,Low Value
12770.0,1,1351.45,2011-05-13 09:33:00,211,1,1,3,113,Low Value
12772.0,1,892.47,2011-10-11 09:19:00,60,2,1,3,213,Low Value
12775.0,5,1386.04,2011-11-22 16:33:00,17,4,3,3,433,High Value
12778.0,6,822.23,2011-11-20 11:30:00,20,3,4,3,343,High Value
12779.0,8,3981.36,2011-11-02 11:43:00,38,3,4,4,344,High Value
12781.0,2,826.74,2011-10-07 10:37:00,64,2,2,3,223,Low Value
12782.0,5,2330.92,2011-12-05 09:16:00,5,4,3,4,434,High Value
12783.0,6,2225.91,2011-12-07 15:56:00,2,4,4,4,444,High Value
12784.0,2,574.42,2011-11-30 15:38:00,9,4,2,2,422,Loyal
12785.0,1,311.95,2010-12-10 13:48:00,364,1,1,2,112,Low Value
12787.0,3,463.66,2011-11-30 08:44:00,10,4,3,2,432,Loyal
12789.0,1,91.85,2011-10-05 13:34:00,65,2,1,1,211,Low Value
12790.0,1,324.92,2011-05-31 14:14:00,192,1,1,2,112,Low Value
12791.0,1,192.6,2010-12-01 11:27:00,374,1,1,1,111,Low Value
12792.0,1,400.54,2011-03-28 11:36:00,257,1,1,2,112,Low Value
12793.0,2,545.48,2011-01-09 12:12:00,335,1,2,2,122,Low Value
12794.0,2,860.41,2011-10-17 14:54:00,53,2,2,3,223,Low Value
12795.0,1,430.48,2011-11-21 10:27:00,19,3,1,2,312,Low Value
12797.0,1,254.03,2010-12-09 10:55:00,366,1,1,1,111,Low Value
12798.0,3,6977.04,2011-11-29 15:52:00,10,4,3,4,434,High Value
12802.0,1,427.58,2011-06-06 09:36:00,187,1,1,2,112,Low Value
12808.0,3,483.65,2011-11-03 10:05:00,37,3,3,2,332,Loyal
12809.0,1,489.31,2011-06-15 10:51:00,178,1,1,2,112,Low Value
12811.0,3,514.85,2011-03-24 09:42:00,261,1,3,2,132,Low Value
12812.0,1,229.64,2011-10-26 09:54:00,45,3,1,1,311,Low Value
12814.0,1,125.92,2011-08-30 12:11:00,102,2,1,1,211,Low Value
12815.0,2,1063.46,2011-07-15 10:21:00,148,1,2,3,123,Low Value
12816.0,2,572.2,2011-09-05 12:41:00,96,2,2,2,222,Low Value
12817.0,1,166.04,2011-03-03 16:28:00,281,1,1,1,111,Low Value
12818.0,1,1542.08,2011-03-23 12:06:00,262,1,1,3,113,Low Value
12820.0,4,942.34,2011-12-06 15:12:00,3,4,3,3,433,High Value
12821.0,1,92.72,2011-05-09 15:51:00,214,1,1,1,111,Low Value
12822.0,2,948.88,2011-09-30 10:04:00,71,2,2,3,223,Low Value
12823.0,5,1759.5,2011-09-26 07:35:00,75,2,3,4,234,Low Value
12824.0,1,397.12,2011-10-11 12:49:00,60,2,1,2,212,Low Value
12826.0,7,1474.72,2011-12-07 10:25:00,3,4,4,3,443,High Value
12827.0,3,430.15,2011-12-04 12:17:00,6,4,3,2,432,Loyal
12828.0,6,1018.71,2011-12-07 08:45:00,3,4,4,3,443,High Value
12829.0,2,293.0,2011-01-07 11:13:00,337,1,2,1,121,Low Value
12830.0,6,6814.64,2011-11-02 11:54:00,38,3,4,4,344,High Value
12831.0,1,215.05,2011-03-22 13:02:00,262,1,1,1,111,Low Value
12832.0,2,383.03,2011-11-07 13:30:00,32,3,2,2,322,Loyal
12833.0,1,417.38,2011-07-17 13:46:00,145,1,1,2,112,Low Value
12834.0,1,312.38,2011-03-02 09:49:00,283,1,1,2,112,Low Value
12836.0,4,2612.86,2011-10-11 15:10:00,59,2,3,4,234,Low Value
12837.0,1,134.1,2011-06-19 16:07:00,173,1,1,1,111,Low Value
12838.0,2,683.13,2011-11-06 12:20:00,34,3,2,3,323,Loyal
12839.0,14,5591.42,2011-12-07 12:33:00,3,4,4,4,444,High Value
12840.0,4,2726.77,2011-07-19 09:29:00,144,1,3,4,134,Low Value
12841.0,25,4022.35,2011-12-05 11:13:00,5,4,4,4,444,High Value
12842.0,2,1118.99,2011-09-30 15:33:00,70,2,2,3,223,Low Value
12843.0,8,1702.26,2011-10-05 12:09:00,66,2,4,4,244,Low Value
12844.0,2,325.96,2011-11-10 13:31:00,29,3,2,2,322,Loyal
12845.0,4,354.09,2011-03-17 13:34:00,267,1,3,2,132,Low Value
12847.0,1,871.54,2011-11-17 13:16:00,22,3,1,3,313,Low Value
12849.0,2,1050.89,2011-11-08 13:41:00,31,3,2,3,323,Loyal
12851.0,1,135.18,2011-09-04 12:41:00,97,2,1,1,211,Low Value
12852.0,1,311.55,2011-02-18 08:47:00,295,1,1,2,112,Low Value
12853.0,6,1957.1,2011-07-28 11:29:00,135,2,4,4,244,Low Value
12854.0,3,1324.5,2011-09-22 12:15:00,79,2,3,3,233,Low Value
12855.0,1,38.1,2010-12-02 09:37:00,373,1,1,1,111,Low Value
12856.0,6,2179.93,2011-12-02 10:52:00,8,4,4,4,444,High Value
12857.0,2,1106.4,2011-05-13 10:20:00,211,1,2,3,123,Low Value
12863.0,1,521.2,2011-10-18 14:15:00,52,2,1,2,212,Low Value
12864.0,1,147.12,2011-07-24 13:03:00,138,2,1,1,211,Low Value
12865.0,2,1568.23,2011-11-13 14:31:00,26,3,2,3,323,Loyal
12866.0,1,559.12,2011-03-01 14:11:00,283,1,1,2,112,Low Value
12867.0,7,4036.82,2011-11-13 15:30:00,26,3,4,4,344,High Value
12868.0,6,1607.06,2011-06-07 10:42:00,186,1,4,3,143,Low Value
12871.0,2,380.64,2011-09-16 15:07:00,84,2,2,2,222,Low Value
12872.0,2,599.97,2011-01-17 10:52:00,327,1,2,2,122,Low Value
12873.0,1,374.0,2011-03-02 14:58:00,282,1,1,2,112,Low Value
12875.0,2,343.23,2011-07-19 15:30:00,143,1,2,2,122,Low Value
12876.0,2,2218.02,2011-10-13 12:26:00,58,2,2,4,224,Low Value
12877.0,12,1535.77,2011-12-06 10:30:00,4,4,4,3,443,High Value
12878.0,2,854.99,2011-04-17 13:07:00,236,1,2,3,123,Low Value
12879.0,3,573.22,2011-10-26 12:24:00,45,3,3,2,332,Loyal
12881.0,1,298.0,2011-03-09 11:44:00,276,1,1,1,111,Low Value
12882.0,2,1463.04,2011-11-30 16:18:00,9,4,2,3,423,Loyal
12883.0,4,703.47,2011-11-15 09:32:00,25,3,3,3,333,High Value
12884.0,1,309.05,2011-09-12 13:10:00,88,2,1,2,212,Low Value
12885.0,3,1175.22,2011-10-07 13:40:00,63,2,3,3,233,Low Value
12886.0,2,1378.4,2011-10-03 10:09:00,68,2,2,3,223,Low Value
12888.0,2,354.12,2011-05-09 16:02:00,214,1,2,2,122,Low Value
12890.0,1,380.47,2011-11-15 17:26:00,24,3,1,2,312,Low Value
12891.0,3,331.0,2011-06-07 12:31:00,186,1,3,2,132,Low Value
12893.0,1,188.14,2011-11-09 12:34:00,31,3,1,1,311,Low Value
12895.0,2,372.8,2011-10-28 13:51:00,42,3,2,2,322,Loyal
12897.0,2,216.5,2011-05-19 12:13:00,205,1,2,1,121,Low Value
12901.0,28,17654.54,2011-12-01 10:07:00,9,4,4,4,444,High Value
12902.0,1,138.68,2011-03-20 12:06:00,265,1,1,1,111,Low Value
12904.0,2,509.58,2011-11-21 14:34:00,18,4,2,2,422,Loyal
12906.0,5,2919.81,2011-11-28 09:55:00,12,4,3,4,434,High Value
12908.0,2,750.0,2011-06-16 15:39:00,176,1,2,3,123,Low Value
12909.0,5,2178.67,2011-10-31 12:43:00,40,3,3,4,334,High Value
12910.0,8,3075.04,2011-11-16 14:28:00,23,3,4,4,344,High Value
12912.0,5,1662.3,2011-12-07 08:55:00,3,4,3,4,434,High Value
12913.0,5,2483.63,2011-12-05 12:11:00,5,4,3,4,434,High Value
12915.0,2,363.65,2011-07-14 11:34:00,149,1,2,2,122,Low Value
12916.0,4,3006.15,2011-07-24 10:35:00,139,2,3,4,234,Low Value
12917.0,1,594.0,2011-08-03 16:42:00,128,2,1,2,212,Low Value
12919.0,6,1335.19,2011-12-01 13:47:00,8,4,4,3,443,High Value
12920.0,1,164.23,2011-11-22 15:05:00,17,4,1,1,411,Low Value
12921.0,37,16587.09,2011-11-30 16:22:00,9,4,4,4,444,High Value
12922.0,1,405.38,2011-07-01 15:35:00,161,1,1,2,112,Low Value
12923.0,1,176.97,2011-10-06 16:20:00,64,2,1,1,211,Low Value
12924.0,4,933.7,2011-09-12 13:55:00,88,2,3,3,233,Low Value
12925.0,2,694.05,2011-12-05 11:11:00,5,4,2,3,423,Loyal
12928.0,5,2062.7,2011-11-04 14:24:00,35,3,4,4,344,High Value
12929.0,1,117.85,2011-02-01 12:08:00,312,1,1,1,111,Low Value
12930.0,2,415.8,2011-09-22 15:18:00,78,2,2,2,222,Low Value
12931.0,15,42055.96,2011-11-18 12:39:00,22,3,4,4,344,High Value
12933.0,3,607.53,2011-11-15 16:38:00,24,3,3,2,332,Loyal
12935.0,7,2160.7,2011-12-07 17:25:00,2,4,4,4,444,High Value
12936.0,4,1063.9,2011-11-22 17:32:00,17,4,3,3,433,High Value
12937.0,4,1504.27,2011-11-24 15:05:00,15,4,3,3,433,High Value
12938.0,1,114.14,2011-11-14 11:21:00,26,3,1,1,311,Low Value
12939.0,8,11581.8,2011-10-06 14:33:00,64,2,4,4,244,Low Value
12940.0,2,913.54,2011-10-16 12:09:00,55,2,2,3,223,Low Value
12942.0,3,683.9,2011-07-31 14:39:00,131,2,3,3,233,Low Value
12944.0,2,604.51,2011-11-04 11:04:00,36,3,2,2,322,Loyal
12945.0,1,462.95,2011-02-24 14:15:00,288,1,1,2,112,Low Value
12947.0,6,1603.99,2011-07-19 10:06:00,144,1,4,3,143,Low Value
12948.0,7,2064.95,2011-11-23 17:10:00,16,4,4,4,444,High Value
12949.0,8,4167.22,2011-11-09 11:25:00,31,3,4,4,344,High Value
12950.0,3,1843.0,2011-12-07 13:17:00,2,4,3,4,434,High Value
12951.0,6,1064.07,2011-12-01 12:14:00,9,4,4,3,443,High Value
12952.0,4,1387.79,2011-12-04 10:35:00,6,4,3,3,433,High Value
12953.0,1,329.85,2011-11-30 09:24:00,10,4,1,2,412,Low Value
12955.0,11,4757.16,2011-12-08 16:29:00,1,4,4,4,444,High Value
12956.0,1,108.07,2011-02-06 16:08:00,306,1,1,1,111,Low Value
12957.0,8,4017.54,2011-11-30 09:53:00,10,4,4,4,444,High Value
12962.0,2,266.39,2011-12-02 15:55:00,7,4,2,1,421,Loyal
12963.0,8,1856.63,2011-12-01 12:55:00,8,4,4,4,444,High Value
12965.0,1,771.91,2011-09-11 15:31:00,89,2,1,3,213,Low Value
12966.0,1,160.18,2011-11-30 12:38:00,10,4,1,1,411,Low Value
12967.0,2,1660.9,2010-12-16 19:10:00,358,1,2,3,123,Low Value
12968.0,1,135.95,2011-08-19 15:44:00,112,2,1,1,211,Low Value
12970.0,4,452.24,2011-12-02 14:30:00,7,4,3,2,432,Loyal
12971.0,86,11189.91,2011-12-06 12:20:00,4,4,4,4,444,High Value
12974.0,1,144.8,2011-05-26 09:33:00,198,1,1,1,111,Low Value
12976.0,1,738.6,2011-05-12 09:55:00,212,1,1,3,113,Low Value
12977.0,1,39.24,2011-07-06 16:40:00,156,1,1,1,111,Low Value
12980.0,9,7374.9,2011-07-05 09:34:00,158,1,4,4,144,Low Value
12981.0,2,372.22,2011-11-10 12:00:00,30,3,2,2,322,Loyal
12982.0,1,390.54,2011-04-11 11:51:00,243,1,1,2,112,Low Value
12984.0,1,97.5,2011-11-21 12:37:00,19,3,1,1,311,Low Value
12985.0,2,1239.38,2011-12-09 10:46:00,1,4,2,3,423,Loyal
12987.0,2,558.7,2011-09-27 12:03:00,74,2,2,2,222,Low Value
12988.0,1,535.32,2011-02-20 14:31:00,292,1,1,2,112,Low Value
12989.0,15,6924.11,2011-12-06 15:28:00,3,4,4,4,444,High Value
12990.0,3,409.5,2011-11-08 13:01:00,31,3,3,2,332,Loyal
12991.0,2,503.76,2011-11-16 15:34:00,23,3,2,2,322,Loyal
12993.0,4,414.76,2011-11-16 15:49:00,23,3,3,2,332,Loyal
12994.0,3,974.42,2011-12-05 15:43:00,4,4,3,3,433,High Value
12995.0,1,211.32,2011-09-15 15:44:00,85,2,1,1,211,Low Value
12997.0,4,1226.89,2011-11-17 15:47:00,22,3,3,3,333,High Value
12999.0,3,455.88,2011-05-27 13:24:00,196,1,3,2,132,Low Value
13000.0,3,534.85,2011-08-25 10:43:00,107,2,3,2,232,Low Value
13001.0,13,9818.82,2011-12-05 14:51:00,4,4,4,4,444,High Value
13002.0,1,120.95,2011-01-25 15:18:00,318,1,1,1,111,Low Value
13003.0,3,149.05,2011-08-26 10:50:00,106,2,3,1,231,Low Value
13004.0,18,5655.91,2011-11-28 11:27:00,12,4,4,4,444,High Value
13005.0,2,513.7,2011-06-19 10:53:00,174,1,2,2,122,Low Value
13006.0,1,81.57,2011-10-14 13:49:00,56,2,1,1,211,Low Value
13008.0,1,229.47,2011-01-20 14:24:00,323,1,1,1,111,Low Value
13011.0,1,50.55,2010-12-02 17:22:00,372,1,1,1,111,Low Value
13012.0,8,1661.84,2011-11-30 13:05:00,9,4,4,4,444,High Value
13013.0,13,4810.94,2011-12-08 15:01:00,1,4,4,4,444,High Value
13014.0,10,3466.28,2011-11-29 12:27:00,11,4,4,4,444,High Value
13015.0,5,3346.28,2011-10-17 13:19:00,53,2,4,4,244,Low Value
13016.0,3,789.89,2011-09-27 14:08:00,73,2,3,3,233,Low Value
13017.0,1,204.0,2011-12-02 15:53:00,7,4,1,1,411,Low Value
13018.0,28,7277.7,2011-11-23 13:28:00,16,4,4,4,444,High Value
13021.0,9,2616.38,2011-12-05 16:37:00,4,4,4,4,444,High Value
13023.0,2,689.9,2011-10-06 16:27:00,64,2,2,3,223,Low Value
13026.0,5,975.36,2011-12-08 16:58:00,1,4,4,3,443,High Value
13027.0,6,6912.0,2011-08-18 09:39:00,114,2,4,4,244,Low Value
13028.0,2,661.32,2011-11-17 11:10:00,23,3,2,2,322,Loyal
13029.0,3,1247.5,2011-11-09 09:13:00,31,3,3,3,333,High Value
13030.0,2,799.48,2011-11-28 14:30:00,11,4,2,3,423,Loyal
13032.0,2,1010.18,2011-10-18 15:54:00,52,2,2,3,223,Low Value
13033.0,1,190.55,2010-12-17 14:23:00,357,1,1,1,111,Low Value
13034.0,2,642.77,2011-10-16 12:21:00,55,2,2,2,222,Low Value
13035.0,2,921.88,2011-09-27 08:57:00,74,2,2,3,223,Low Value
13037.0,3,881.07,2011-07-24 15:46:00,138,2,3,3,233,Low Value
13038.0,3,908.46,2011-09-20 14:37:00,80,2,3,3,233,Low Value
13040.0,2,676.99,2011-12-01 10:38:00,9,4,2,3,423,Loyal
13043.0,1,516.42,2011-03-11 14:52:00,273,1,1,2,112,Low Value
13044.0,1,560.47,2011-02-21 15:20:00,291,1,1,2,112,Low Value
13045.0,1,305.28,2011-09-01 15:04:00,99,2,1,1,211,Low Value
13046.0,2,629.31,2011-11-09 08:36:00,31,3,2,2,322,Loyal
13047.0,10,3237.54,2011-11-08 12:06:00,32,3,4,4,344,High Value
13048.0,4,1835.91,2011-11-25 13:23:00,14,4,3,4,434,High Value
13049.0,2,656.68,2011-10-06 15:31:00,64,2,2,2,222,Low Value
13050.0,17,5836.86,2011-11-25 09:18:00,15,4,4,4,444,High Value
13052.0,1,348.15,2011-05-11 14:12:00,212,1,1,2,112,Low Value
13055.0,3,1214.41,2011-09-22 14:26:00,78,2,3,3,233,Low Value
13058.0,3,271.4,2011-11-15 12:43:00,25,3,3,1,331,Loyal
13059.0,1,183.4,2011-04-04 10:40:00,250,1,1,1,111,Low Value
13060.0,1,307.53,2011-03-31 11:37:00,254,1,1,2,112,Low Value
13061.0,1,248.61,2011-09-28 16:04:00,72,2,1,1,211,Low Value
13062.0,1,346.98,2011-06-01 15:12:00,191,1,1,2,112,Low Value
13064.0,4,1119.49,2011-11-27 12:31:00,13,4,3,3,433,High Value
13065.0,1,205.86,2010-12-01 16:52:00,373,1,1,1,111,Low Value
13066.0,2,470.8,2011-11-15 12:57:00,24,3,2,2,322,Loyal
13067.0,1,115.46,2011-09-18 13:38:00,82,2,1,1,211,Low Value
13068.0,2,344.0,2011-11-29 15:00:00,10,4,2,2,422,Loyal
13069.0,24,4436.12,2011-12-09 08:39:00,1,4,4,4,444,High Value
13070.0,1,228.8,2011-05-31 13:45:00,192,1,1,1,111,Low Value
13072.0,1,177.15,2011-03-18 08:12:00,267,1,1,1,111,Low Value
13075.0,1,919.61,2011-08-02 10:19:00,130,2,1,3,213,Low Value
13077.0,4,729.27,2011-12-08 19:24:00,1,4,3,3,433,High Value
13078.0,26,12627.94,2011-12-06 15:36:00,3,4,4,4,444,High Value
13079.0,5,220.1,2011-12-05 16:53:00,4,4,4,1,441,Loyal
13080.0,1,58.08,2011-06-13 14:59:00,179,1,1,1,111,Low Value
13081.0,11,28337.38,2011-11-28 10:54:00,12,4,4,4,444,High Value
13082.0,9,3613.63,2011-08-05 16:16:00,126,2,4,4,244,Low Value
13083.0,2,303.75,2011-12-05 15:01:00,4,4,2,1,421,Loyal
13085.0,2,416.08,2011-07-05 12:11:00,158,1,2,2,122,Low Value
13089.0,97,58825.83,2011-12-07 09:02:00,3,4,4,4,444,High Value
13090.0,14,8910.82,2011-12-01 12:39:00,9,4,4,4,444,High Value
13091.0,1,345.82,2011-11-11 15:54:00,28,3,1,2,312,Low Value
13092.0,5,477.83,2011-09-30 11:18:00,71,2,4,2,242,Low Value
13093.0,8,7832.47,2011-03-09 12:14:00,276,1,4,4,144,Low Value
13094.0,12,1927.32,2011-11-18 14:07:00,21,3,4,4,344,High Value
13095.0,1,74.4,2011-09-30 12:03:00,71,2,1,1,211,Low Value
13097.0,10,6010.42,2011-11-07 10:43:00,33,3,4,4,344,High Value
13098.0,28,28882.44,2011-12-08 14:14:00,1,4,4,4,444,High Value
13099.0,1,207.36,2011-09-01 17:40:00,99,2,1,1,211,Low Value
13101.0,1,101.19,2011-04-19 14:37:00,234,1,1,1,111,Low Value
13102.0,24,6424.09,2011-12-08 12:52:00,1,4,4,4,444,High Value
13103.0,1,243.94,2011-10-31 09:38:00,40,3,1,1,311,Low Value
13104.0,6,1098.48,2011-12-06 13:10:00,3,4,4,3,443,High Value
13106.0,1,76.5,2011-07-29 15:12:00,133,2,1,1,211,Low Value
13107.0,4,1531.62,2011-10-26 14:52:00,44,3,3,3,333,High Value
13108.0,1,350.06,2010-12-02 10:35:00,373,1,1,2,112,Low Value
13109.0,2,786.54,2011-10-11 10:16:00,60,2,2,3,223,Low Value
13110.0,7,1488.67,2011-11-08 14:30:00,31,3,4,3,343,High Value
13113.0,24,12245.96,2011-12-09 12:49:00,1,4,4,4,444,High Value
13115.0,4,2294.78,2011-11-28 12:38:00,12,4,3,4,434,High Value
13116.0,1,501.14,2011-07-24 14:33:00,138,2,1,2,212,Low Value
13117.0,8,984.91,2011-11-18 12:02:00,22,3,4,3,343,High Value
13118.0,5,1197.81,2011-11-20 12:46:00,20,3,4,3,343,High Value
13120.0,1,30.6,2011-04-15 10:19:00,239,1,1,1,111,Low Value
13121.0,1,283.73,2011-03-15 16:47:00,269,1,1,1,111,Low Value
13122.0,2,922.39,2011-09-06 15:53:00,94,2,2,3,223,Low Value
13124.0,3,3866.33,2011-09-11 12:45:00,90,2,3,4,234,Low Value
13126.0,8,2099.64,2011-12-05 10:00:00,5,4,4,4,444,High Value
13127.0,1,259.17,2011-09-23 10:26:00,78,2,1,1,211,Low Value
13130.0,1,64.0,2011-09-06 15:30:00,94,2,1,1,211,Low Value
13131.0,3,1073.3,2011-11-16 13:21:00,23,3,3,3,333,High Value
13132.0,1,77.3,2011-03-23 12:44:00,262,1,1,1,111,Low Value
13133.0,2,109.8,2011-03-11 10:31:00,274,1,2,1,121,Low Value
13134.0,4,1793.58,2011-09-15 10:35:00,86,2,3,4,234,Low Value
13135.0,1,3096.0,2011-05-27 10:52:00,197,1,1,4,114,Low Value
13136.0,5,2607.61,2011-10-14 13:41:00,56,2,4,4,244,Low Value
13137.0,8,3650.41,2011-11-29 12:09:00,11,4,4,4,444,High Value
13138.0,6,962.39,2011-11-17 16:51:00,22,3,4,3,343,High Value
13139.0,7,5064.94,2011-11-23 13:54:00,16,4,4,4,444,High Value
13140.0,3,423.72,2011-08-23 15:33:00,108,2,3,2,232,Low Value
13141.0,5,2388.75,2011-09-16 09:54:00,85,2,4,4,244,Low Value
13142.0,1,307.09,2011-11-20 16:07:00,19,3,1,1,311,Low Value
13144.0,1,110.95,2011-01-11 11:15:00,333,1,1,1,111,Low Value
13145.0,4,618.52,2011-10-31 12:45:00,40,3,3,2,332,Loyal
13146.0,1,228.91,2011-11-13 15:29:00,26,3,1,1,311,Low Value
13147.0,4,712.8,2011-11-29 13:59:00,10,4,3,3,433,High Value
13148.0,12,3707.12,2011-11-10 15:23:00,29,3,4,4,344,High Value
13149.0,4,1676.06,2011-11-25 13:09:00,14,4,3,4,434,High Value
13151.0,1,1257.87,2011-02-17 12:29:00,296,1,1,3,113,Low Value
13153.0,1,486.22,2011-12-04 12:14:00,6,4,1,2,412,Low Value
13155.0,4,971.76,2011-11-06 15:41:00,33,3,3,3,333,High Value
13157.0,4,1741.22,2011-10-21 13:50:00,49,3,3,4,334,High Value
13158.0,4,1201.06,2011-09-06 11:58:00,95,2,3,3,233,Low Value
13159.0,4,1437.85,2011-12-01 11:20:00,9,4,3,3,433,High Value
13160.0,1,91.8,2011-11-17 13:07:00,22,3,1,1,311,Low Value
13161.0,1,112.75,2011-01-30 14:03:00,313,1,1,1,111,Low Value
13162.0,4,1688.29,2011-08-09 15:59:00,122,2,3,4,234,Low Value
13165.0,2,1021.48,2011-10-24 15:05:00,46,3,2,3,323,Loyal
13166.0,1,417.2,2011-03-01 15:16:00,283,1,1,2,112,Low Value
13167.0,4,791.33,2011-11-21 12:24:00,19,3,3,3,333,High Value
13168.0,4,1319.19,2011-11-03 12:56:00,36,3,3,3,333,High Value
13169.0,2,712.88,2011-10-07 12:11:00,64,2,2,3,223,Low Value
13170.0,1,116.01,2011-11-13 12:19:00,27,3,1,1,311,Low Value
13171.0,3,468.41,2011-11-18 10:27:00,22,3,3,2,332,Loyal
13173.0,2,353.65,2011-12-05 15:51:00,4,4,2,2,422,Loyal
13174.0,3,2817.03,2011-11-23 14:35:00,16,4,3,4,434,High Value
13176.0,1,492.84,2011-10-24 15:43:00,46,3,1,2,312,Low Value
13177.0,1,282.45,2011-10-06 09:56:00,65,2,1,1,211,Low Value
13178.0,11,5725.47,2011-11-13 16:14:00,26,3,4,4,344,High Value
13182.0,1,121.18,2011-10-25 13:46:00,45,3,1,1,311,Low Value
13183.0,9,3957.78,2011-12-02 10:30:00,8,4,4,4,444,High Value
13184.0,10,1701.29,2011-11-25 12:02:00,15,4,4,4,444,High Value
13185.0,1,71.4,2011-03-17 11:56:00,268,1,1,1,111,Low Value
13186.0,3,1575.89,2011-10-31 11:40:00,40,3,3,3,333,High Value
13187.0,1,236.02,2011-01-06 18:57:00,337,1,1,1,111,Low Value
13188.0,1,114.6,2011-11-28 15:28:00,11,4,1,1,411,Low Value
13189.0,2,260.68,2011-11-21 10:39:00,19,3,2,1,321,Loyal
13192.0,2,911.94,2011-09-05 14:13:00,95,2,2,3,223,Low Value
13193.0,1,117.88,2011-10-09 14:30:00,61,2,1,1,211,Low Value
13194.0,1,60.7,2011-07-27 09:01:00,136,2,1,1,211,Low Value
13196.0,4,1797.78,2011-11-28 13:54:00,11,4,3,4,434,High Value
13198.0,6,3401.24,2011-11-29 15:17:00,10,4,4,4,444,High Value
13199.0,38,9817.12,2011-12-06 12:30:00,4,4,4,4,444,High Value
13200.0,4,870.09,2011-11-20 15:35:00,19,3,3,3,333,High Value
13203.0,4,869.46,2011-11-30 10:45:00,10,4,3,3,433,High Value
13207.0,2,250.26,2011-11-24 14:52:00,15,4,2,1,421,Loyal
13208.0,6,1223.9,2011-10-12 09:54:00,59,2,4,3,243,Low Value
13209.0,8,5891.61,2011-11-09 13:54:00,30,3,4,4,344,High Value
13210.0,1,353.48,2011-09-07 08:18:00,94,2,1,2,212,Low Value
13211.0,3,1197.42,2011-11-29 14:43:00,10,4,3,3,433,High Value
13212.0,3,788.08,2011-11-20 12:40:00,20,3,3,3,333,High Value
13213.0,5,1520.58,2011-10-14 11:42:00,57,2,4,3,243,Low Value
13216.0,1,333.74,2011-03-17 12:18:00,268,1,1,2,112,Low Value
13217.0,3,533.98,2011-08-09 15:32:00,122,2,3,2,232,Low Value
13218.0,1,62.64,2011-08-04 16:59:00,127,2,1,1,211,Low Value
13220.0,4,819.29,2011-09-22 13:38:00,78,2,3,3,233,Low Value
13221.0,2,847.41,2011-04-13 16:58:00,240,1,2,3,123,Low Value
13223.0,2,163.2,2011-05-23 13:03:00,200,1,2,1,121,Low Value
13224.0,2,2155.95,2011-10-10 14:55:00,60,2,2,4,224,Low Value
13225.0,7,6463.84,2011-12-06 13:29:00,3,4,4,4,444,High Value
13226.0,1,108.21,2011-03-11 14:35:00,273,1,1,1,111,Low Value
13227.0,1,257.7,2011-05-22 11:47:00,202,1,1,1,111,Low Value
13228.0,1,358.0,2011-09-19 14:28:00,81,2,1,2,212,Low Value
13229.0,1,160.95,2011-04-28 12:07:00,226,1,1,1,111,Low Value
13230.0,14,2806.97,2011-12-05 16:03:00,4,4,4,4,444,High Value
13232.0,7,1357.6,2011-11-27 10:39:00,13,4,4,3,443,High Value
13233.0,2,605.12,2011-09-26 13:25:00,74,2,2,2,222,Low Value
13235.0,1,1031.07,2011-05-11 17:13:00,212,1,1,3,113,Low Value
13236.0,2,744.85,2011-11-15 12:50:00,25,3,2,3,323,Loyal
13238.0,4,700.73,2011-11-22 15:37:00,17,4,3,3,433,High Value
13239.0,1,329.56,2011-03-23 10:25:00,262,1,1,2,112,Low Value
13240.0,4,663.65,2011-09-04 14:08:00,96,2,3,2,232,Low Value
13242.0,3,270.4,2011-08-19 12:53:00,112,2,3,1,231,Low Value
13243.0,1,600.07,2011-05-20 13:14:00,203,1,1,2,112,Low Value
13244.0,1,121.74,2011-09-08 11:46:00,93,2,1,1,211,Low Value
13245.0,1,430.5,2011-10-20 11:40:00,51,3,1,2,312,Low Value
13246.0,6,1987.3,2011-11-21 16:50:00,18,4,4,4,444,High Value
13247.0,4,501.12,2011-11-22 10:59:00,18,4,3,2,432,Loyal
13248.0,2,465.68,2011-08-07 12:40:00,125,2,2,2,222,Low Value
13249.0,3,711.41,2011-09-08 13:26:00,92,2,3,3,233,Low Value
13253.0,2,1030.4,2011-07-06 10:09:00,157,1,2,3,123,Low Value
13255.0,2,399.51,2011-11-30 13:14:00,9,4,2,2,422,Loyal
13256.0,1,0.0,2011-11-25 15:57:00,14,4,1,1,411,Low Value
13258.0,3,698.58,2011-11-28 09:31:00,12,4,3,3,433,High Value
13259.0,1,292.32,2011-10-09 10:48:00,62,2,1,1,211,Low Value
13260.0,1,557.62,2011-10-09 13:21:00,61,2,1,2,212,Low Value
13261.0,2,944.1,2011-03-16 12:22:00,269,1,2,3,123,Low Value
13262.0,1,200.29,2011-03-21 15:06:00,263,1,1,1,111,Low Value
13263.0,35,7454.07,2011-12-08 13:59:00,1,4,4,4,444,High Value
13265.0,5,2107.66,2011-10-17 15:02:00,53,2,4,4,244,Low Value
13266.0,12,3834.26,2011-11-28 14:39:00,11,4,4,4,444,High Value
13267.0,19,4521.49,2011-12-07 11:12:00,3,4,4,4,444,High Value
13268.0,11,3214.69,2011-11-22 11:51:00,18,4,4,4,444,High Value
13269.0,15,5346.23,2011-12-08 14:53:00,1,4,4,4,444,High Value
13270.0,1,590.0,2010-12-08 14:53:00,366,1,1,2,112,Low Value
13271.0,1,217.38,2011-11-02 14:31:00,37,3,1,1,311,Low Value
13272.0,2,276.56,2011-11-08 14:00:00,31,3,2,1,321,Loyal
13273.0,1,138.98,2011-08-18 14:02:00,113,2,1,1,211,Low Value
13276.0,2,590.93,2011-10-07 12:44:00,64,2,2,2,222,Low Value
13277.0,4,258.4,2011-11-24 09:21:00,16,4,3,1,431,Loyal
13278.0,1,542.73,2011-10-30 11:49:00,41,3,1,2,312,Low Value
13279.0,1,137.75,2011-09-22 17:24:00,78,2,1,1,211,Low Value
13280.0,3,814.86,2011-08-09 13:14:00,122,2,3,3,233,Low Value
13282.0,3,1132.14,2011-11-21 15:33:00,18,4,3,3,433,High Value
13283.0,2,93.66,2011-10-11 09:50:00,60,2,2,1,221,Low Value
13284.0,1,201.19,2011-01-13 09:23:00,331,1,1,1,111,Low Value
13285.0,4,2709.12,2011-11-16 13:19:00,23,3,3,4,334,High Value
13291.0,1,361.11,2011-07-07 10:36:00,156,1,1,2,112,Low Value
13292.0,2,578.94,2011-11-01 10:04:00,39,3,2,2,322,Loyal
13294.0,2,873.74,2011-06-03 08:54:00,190,1,2,3,123,Low Value
13295.0,1,201.2,2010-12-15 11:21:00,360,1,1,1,111,Low Value
13296.0,1,87.4,2011-07-25 13:46:00,137,2,1,1,211,Low Value
13297.0,4,2089.85,2011-12-02 09:32:00,8,4,3,4,434,High Value
13298.0,1,360.0,2011-12-08 13:11:00,1,4,1,2,412,Low Value
13299.0,1,142.5,2011-03-16 12:55:00,268,1,1,1,111,Low Value
13300.0,1,371.89,2011-06-23 13:09:00,169,1,1,2,112,Low Value
13301.0,4,618.09,2011-08-28 11:25:00,104,2,3,2,232,Low Value
13302.0,1,63.75,2011-07-07 17:56:00,155,1,1,1,111,Low Value
13304.0,1,300.42,2010-12-23 14:35:00,351,1,1,1,111,Low Value
13305.0,10,2000.86,2011-12-05 15:15:00,4,4,4,4,444,High Value
13307.0,1,15.0,2011-08-11 17:14:00,120,2,1,1,211,Low Value
13308.0,3,1385.51,2011-11-17 09:31:00,23,3,3,3,333,High Value
13309.0,5,1456.79,2011-12-02 16:34:00,7,4,4,3,443,High Value
13310.0,3,1132.03,2011-11-11 17:23:00,28,3,3,3,333,High Value
13311.0,2,598.57,2011-12-05 12:55:00,4,4,2,2,422,Loyal
13313.0,5,1555.32,2011-11-17 16:48:00,22,3,4,3,343,High Value
13314.0,3,775.94,2011-12-08 12:29:00,2,4,3,3,433,High Value
13316.0,4,5977.73,2011-11-02 13:40:00,37,3,3,4,334,High Value
13317.0,6,2273.68,2011-10-04 13:35:00,66,2,4,4,244,Low Value
13318.0,3,640.76,2011-12-08 18:51:00,1,4,3,2,432,Loyal
13319.0,26,10845.55,2011-12-04 13:34:00,5,4,4,4,444,High Value
13320.0,4,1548.7,2011-09-22 18:07:00,78,2,3,3,233,Low Value
13321.0,2,567.36,2011-09-28 15:24:00,72,2,2,2,222,Low Value
13322.0,1,199.48,2011-11-22 14:21:00,17,4,1,1,411,Low Value
13323.0,5,787.85,2011-12-06 17:12:00,3,4,4,3,443,High Value
13324.0,10,7121.95,2011-11-03 16:28:00,36,3,4,4,344,High Value
13325.0,1,675.3,2011-09-19 10:36:00,82,2,1,3,213,Low Value
13327.0,8,3627.77,2011-11-01 10:21:00,39,3,4,4,344,High Value
13328.0,1,1308.48,2011-01-27 15:22:00,316,1,1,3,113,Low Value
13329.0,2,789.0,2011-11-08 10:29:00,32,3,2,3,323,Loyal
13330.0,3,1140.93,2011-09-08 12:27:00,93,2,3,3,233,Low Value
13332.0,1,350.9,2011-11-25 13:30:00,14,4,1,2,412,Low Value
13334.0,3,3536.82,2011-09-18 15:21:00,82,2,3,4,234,Low Value
13336.0,1,795.12,2011-09-23 14:05:00,77,2,1,3,213,Low Value
13338.0,1,487.02,2011-07-05 09:06:00,158,1,1,2,112,Low Value
13339.0,1,860.12,2011-05-23 08:31:00,201,1,1,3,113,Low Value
13340.0,7,10736.48,2011-10-25 13:15:00,45,3,4,4,344,High Value
13341.0,1,775.85,2011-03-24 09:50:00,261,1,1,3,113,Low Value
13343.0,1,353.43,2011-06-15 12:24:00,178,1,1,2,112,Low Value
13344.0,3,2543.72,2011-10-03 09:45:00,68,2,3,4,234,Low Value
13345.0,1,389.5,2011-02-25 09:01:00,288,1,1,2,112,Low Value
13347.0,1,341.36,2011-09-30 13:28:00,70,2,1,2,212,Low Value
13348.0,1,233.76,2011-10-06 17:28:00,64,2,1,1,211,Low Value
13349.0,1,247.32,2011-11-29 08:07:00,11,4,1,1,411,Low Value
13350.0,2,979.12,2011-11-23 16:33:00,16,4,2,3,423,Loyal
13351.0,1,373.94,2011-10-04 12:55:00,66,2,1,2,212,Low Value
13352.0,1,397.98,2011-10-10 13:55:00,60,2,1,2,212,Low Value
13354.0,1,743.53,2011-09-29 13:17:00,71,2,1,3,213,Low Value
13355.0,1,674.7,2011-08-09 14:48:00,122,2,1,3,213,Low Value
13356.0,1,768.24,2011-09-20 14:33:00,80,2,1,3,213,Low Value
13357.0,1,609.95,2011-03-27 13:56:00,257,1,1,2,112,Low Value
13358.0,1,439.03,2011-03-16 11:52:00,269,1,1,2,112,Low Value
13359.0,1,439.56,2011-10-07 09:30:00,64,2,1,2,212,Low Value
13362.0,4,3090.74,2011-11-30 14:41:00,9,4,3,4,434,High Value
13363.0,2,992.5,2011-11-22 12:40:00,18,4,2,3,423,Loyal
13364.0,1,134.96,2011-09-29 18:13:00,71,2,1,1,211,Low Value
13365.0,2,2225.37,2011-11-06 12:36:00,34,3,2,4,324,Loyal
13366.0,1,56.16,2011-10-20 13:37:00,50,3,1,1,311,Low Value
13368.0,2,623.4,2011-03-28 09:59:00,257,1,2,2,122,Low Value
13369.0,1,308.28,2010-12-09 11:30:00,366,1,1,2,112,Low Value
13370.0,1,754.87,2010-12-03 10:26:00,372,1,1,3,113,Low Value
13372.0,1,378.64,2011-09-11 12:46:00,90,2,1,2,212,Low Value
13373.0,3,3312.25,2011-10-10 10:51:00,61,2,3,4,234,Low Value
13375.0,1,778.65,2011-09-12 10:19:00,89,2,1,3,213,Low Value
13376.0,3,1019.76,2011-09-01 16:16:00,99,2,3,3,233,Low Value
13379.0,3,572.56,2011-11-13 13:45:00,26,3,3,2,332,Loyal
13381.0,6,3639.31,2011-11-08 11:58:00,32,3,4,4,344,High Value
13382.0,1,222.99,2011-03-04 10:03:00,281,1,1,1,111,Low Value
13384.0,7,4151.93,2011-11-09 11:04:00,31,3,4,4,344,High Value
13385.0,1,534.57,2011-01-14 09:52:00,330,1,1,2,112,Low Value
13388.0,2,677.1,2011-07-31 12:52:00,131,2,2,3,223,Low Value
13389.0,3,797.96,2011-11-28 14:01:00,11,4,3,3,433,High Value
13390.0,1,544.08,2011-09-26 08:38:00,75,2,1,2,212,Low Value
13391.0,1,59.8,2011-05-20 10:50:00,204,1,1,1,111,Low Value
13394.0,8,2520.02,2011-12-08 11:36:00,2,4,4,4,444,High Value
13395.0,1,307.72,2011-06-07 15:04:00,185,1,1,2,112,Low Value
13396.0,2,1360.99,2011-11-10 16:59:00,29,3,2,3,323,Loyal
13397.0,5,1544.13,2011-09-28 10:56:00,73,2,4,3,243,Low Value
13398.0,1,457.34,2011-05-31 13:17:00,192,1,1,2,112,Low Value
13402.0,2,621.23,2011-08-04 15:51:00,127,2,2,2,222,Low Value
13403.0,1,75.0,2011-11-22 08:28:00,18,4,1,1,411,Low Value
13404.0,2,252.49,2011-12-08 15:37:00,1,4,2,1,421,Loyal
13405.0,3,572.45,2011-09-26 17:01:00,74,2,3,2,232,Low Value
13408.0,62,28117.04,2011-12-08 09:05:00,2,4,4,4,444,High Value
13410.0,5,1003.06,2011-11-15 15:33:00,24,3,4,3,343,High Value
13411.0,1,213.55,2011-08-24 13:57:00,107,2,1,1,211,Low Value
13414.0,3,1390.5,2011-07-29 11:45:00,134,2,3,3,233,Low Value
13416.0,2,712.5,2011-10-27 08:56:00,44,3,2,3,323,Loyal
13417.0,2,640.83,2011-12-05 08:49:00,5,4,2,2,422,Loyal
13418.0,18,6127.43,2011-11-28 10:23:00,12,4,4,4,444,High Value
13419.0,1,221.06,2011-10-07 12:49:00,64,2,1,1,211,Low Value
13420.0,2,159.85,2011-07-13 08:48:00,150,1,2,1,121,Low Value
13421.0,2,1851.08,2011-10-30 14:21:00,40,3,2,4,324,Loyal
13422.0,1,2626.3,2011-10-06 13:42:00,64,2,1,4,214,Low Value
13425.0,3,1624.21,2011-08-23 17:13:00,108,2,3,3,233,Low Value
13426.0,10,3641.32,2011-12-09 08:59:00,1,4,4,4,444,High Value
13427.0,3,582.6,2011-11-20 13:02:00,19,3,3,2,332,Loyal
13428.0,1,218.47,2011-11-29 14:20:00,10,4,1,1,411,Low Value
13429.0,4,1006.8,2011-11-29 09:10:00,11,4,3,3,433,High Value
13430.0,2,679.45,2011-11-21 08:19:00,19,3,2,3,323,Loyal
13431.0,2,1269.1,2011-10-03 13:49:00,67,2,2,3,223,Low Value
13434.0,2,534.24,2011-09-26 14:30:00,74,2,2,2,222,Low Value
13435.0,7,3809.89,2011-12-04 14:45:00,5,4,4,4,444,High Value
13436.0,1,196.89,2011-12-08 10:33:00,2,4,1,1,411,Low Value
13437.0,7,3408.06,2011-11-25 14:00:00,14,4,4,4,444,High Value
13439.0,1,283.71,2011-03-29 14:20:00,255,1,1,1,111,Low Value
13441.0,1,296.64,2011-09-09 09:38:00,92,2,1,1,211,Low Value
13447.0,3,1129.14,2011-11-16 13:38:00,23,3,3,3,333,High Value
13448.0,6,3539.37,2011-11-23 12:33:00,17,4,4,4,444,High Value
13449.0,1,291.88,2011-11-16 08:28:00,24,3,1,1,311,Low Value
13450.0,6,2043.72,2011-11-13 11:54:00,27,3,4,4,344,High Value
13451.0,5,2976.15,2011-11-13 15:58:00,26,3,4,4,344,High Value
13452.0,2,590.0,2011-03-25 14:19:00,259,1,2,2,122,Low Value
13453.0,2,356.98,2011-06-27 09:34:00,166,1,2,2,122,Low Value
13455.0,2,1058.34,2011-11-15 11:21:00,25,3,2,3,323,Loyal
13456.0,6,1766.72,2011-11-22 09:18:00,18,4,4,4,444,High Value
13458.0,14,9646.57,2011-12-02 15:29:00,7,4,4,4,444,High Value
13460.0,2,183.44,2011-11-10 17:17:00,29,3,2,1,321,Loyal
13461.0,3,1445.0,2011-11-01 09:01:00,39,3,3,3,333,High Value
13462.0,1,151.5,2011-04-01 11:20:00,253,1,1,1,111,Low Value
13464.0,1,674.68,2011-10-12 15:01:00,58,2,1,3,213,Low Value
13466.0,1,307.9,2011-06-08 16:39:00,184,1,1,2,112,Low Value
13467.0,2,1083.71,2011-11-29 10:01:00,11,4,2,3,423,Loyal
13468.0,37,5704.97,2011-12-08 10:39:00,2,4,4,4,444,High Value
13470.0,2,165.0,2011-09-01 14:57:00,99,2,2,1,221,Low Value
13471.0,4,2531.58,2011-12-08 15:44:00,1,4,3,4,434,High Value
13473.0,2,422.64,2011-10-10 11:20:00,61,2,2,2,222,Low Value
13474.0,1,229.59,2011-04-17 13:53:00,236,1,1,1,111,Low Value
13475.0,4,1431.78,2011-06-01 13:52:00,191,1,3,3,133,Low Value
13476.0,2,1238.47,2011-06-14 12:00:00,179,1,2,3,123,Low Value
13477.0,6,1454.58,2011-11-02 12:04:00,38,3,4,3,343,High Value
13479.0,2,300.95,2011-05-23 10:45:00,201,1,2,1,121,Low Value
13481.0,5,1804.56,2011-10-25 09:07:00,46,3,4,4,344,High Value
13482.0,1,184.64,2011-04-21 17:03:00,232,1,1,1,111,Low Value
13483.0,1,140.34,2011-10-05 11:53:00,66,2,1,1,211,Low Value
13484.0,1,313.8,2011-04-12 16:30:00,241,1,1,2,112,Low Value
13485.0,1,454.24,2011-04-20 13:58:00,233,1,1,2,112,Low Value
13486.0,3,1122.41,2011-09-22 13:13:00,78,2,3,3,233,Low Value
13487.0,3,575.4,2011-10-13 12:07:00,58,2,3,2,232,Low Value
13488.0,13,8968.31,2011-11-22 14:41:00,17,4,4,4,444,High Value
13489.0,4,449.52,2011-08-26 13:16:00,105,2,3,2,232,Low Value
13491.0,10,1215.82,2011-10-19 08:32:00,52,2,4,3,243,Low Value
13492.0,3,1269.84,2011-07-26 14:25:00,136,2,3,3,233,Low Value
13493.0,2,618.63,2011-03-09 15:35:00,275,1,2,2,122,Low Value
13494.0,1,316.26,2011-02-01 11:58:00,312,1,1,2,112,Low Value
13495.0,5,2044.87,2011-12-02 11:21:00,8,4,4,4,444,High Value
13496.0,2,653.33,2011-11-29 10:58:00,11,4,2,2,422,Loyal
13497.0,2,348.05,2011-03-02 09:04:00,283,1,2,2,122,Low Value
13499.0,5,1159.11,2011-11-22 11:21:00,18,4,4,3,443,High Value
13500.0,3,1166.77,2011-11-16 15:35:00,23,3,3,3,333,High Value
13501.0,1,1340.32,2011-02-24 18:59:00,288,1,1,3,113,Low Value
13502.0,3,292.0,2011-11-23 10:39:00,17,4,3,1,431,Loyal
13503.0,1,216.85,2011-09-29 13:23:00,71,2,1,1,211,Low Value
13504.0,1,295.93,2011-10-06 13:20:00,64,2,1,1,211,Low Value
13505.0,4,4393.63,2011-09-28 11:56:00,73,2,3,4,234,Low Value
13506.0,2,458.52,2011-01-27 13:53:00,316,1,2,2,122,Low Value
13507.0,4,2479.16,2011-12-06 13:13:00,3,4,3,4,434,High Value
13508.0,1,110.97,2011-04-10 11:58:00,244,1,1,1,111,Low Value
13509.0,7,979.72,2011-12-01 10:10:00,9,4,4,3,443,High Value
13510.0,4,1791.56,2011-12-08 13:46:00,1,4,3,4,434,High Value
13512.0,1,251.21,2011-03-24 10:03:00,261,1,1,1,111,Low Value
13513.0,1,205.1,2011-08-05 11:50:00,127,2,1,1,211,Low Value
13514.0,1,152.2,2011-09-27 09:39:00,74,2,1,1,211,Low Value
13515.0,4,891.12,2011-09-28 11:26:00,73,2,3,3,233,Low Value
13516.0,3,1389.41,2011-11-18 13:15:00,21,3,3,3,333,High Value
13517.0,3,2128.42,2011-10-11 11:43:00,60,2,3,4,234,Low Value
13518.0,1,659.44,2011-09-15 10:29:00,86,2,1,2,212,Low Value
13519.0,1,122.75,2011-09-22 18:24:00,78,2,1,1,211,Low Value
13520.0,6,3624.35,2011-10-12 10:20:00,59,2,4,4,244,Low Value
13521.0,3,1093.65,2011-12-08 13:50:00,1,4,3,3,433,High Value
13522.0,1,125.8,2011-11-09 15:11:00,30,3,1,1,311,Low Value
13523.0,5,3964.88,2011-11-06 15:11:00,33,3,4,4,344,High Value
13524.0,5,680.18,2011-10-30 12:34:00,41,3,4,3,343,High Value
13525.0,2,628.78,2011-11-25 12:01:00,15,4,2,2,422,Loyal
13527.0,7,2287.51,2011-11-06 12:04:00,34,3,4,4,344,High Value
13529.0,2,307.76,2011-09-22 09:15:00,79,2,2,2,222,Low Value
13531.0,2,483.8,2011-05-18 16:56:00,205,1,2,2,122,Low Value
13532.0,1,210.31,2011-11-06 12:25:00,34,3,1,1,311,Low Value
13533.0,3,270.79,2011-06-10 11:54:00,183,1,3,1,131,Low Value
13534.0,25,5870.08,2011-12-07 14:52:00,2,4,4,4,444,High Value
13536.0,7,3448.29,2011-12-08 16:38:00,1,4,4,4,444,High Value
13538.0,7,1280.85,2011-10-27 16:34:00,43,3,4,3,343,High Value
13539.0,3,631.34,2011-09-15 10:18:00,86,2,3,2,232,Low Value
13544.0,2,291.41,2011-10-31 11:57:00,40,3,2,1,321,Loyal
13546.0,3,626.99,2011-11-27 14:50:00,12,4,3,2,432,Loyal
13548.0,2,682.41,2011-09-04 14:50:00,96,2,2,3,223,Low Value
13549.0,7,918.2,2011-11-14 09:20:00,26,3,4,3,343,High Value
13551.0,1,91.8,2011-01-24 14:46:00,319,1,1,1,111,Low Value
13552.0,12,3740.07,2011-10-04 15:19:00,66,2,4,4,244,Low Value
13555.0,4,4149.28,2011-09-27 12:36:00,74,2,3,4,234,Low Value
13557.0,2,584.06,2011-11-11 15:24:00,28,3,2,2,322,Loyal
13558.0,4,605.06,2011-12-04 11:24:00,6,4,3,2,432,Loyal
13560.0,1,174.37,2011-12-02 13:11:00,7,4,1,1,411,Low Value
13561.0,1,141.86,2011-05-08 12:39:00,216,1,1,1,111,Low Value
13562.0,3,1799.33,2011-09-19 10:51:00,82,2,3,4,234,Low Value
13563.0,2,777.53,2011-09-16 14:45:00,84,2,2,3,223,Low Value
13564.0,3,1749.02,2011-07-18 14:33:00,144,1,3,4,134,Low Value
13565.0,2,240.22,2011-11-20 14:33:00,19,3,2,1,321,Loyal
13566.0,2,874.71,2011-10-30 11:59:00,41,3,2,3,323,Loyal
13568.0,1,192.85,2011-06-19 14:42:00,173,1,1,1,111,Low Value
13569.0,2,373.75,2011-11-22 13:07:00,17,4,2,2,422,Loyal
13570.0,1,239.49,2011-04-10 13:36:00,243,1,1,1,111,Low Value
13571.0,12,2092.32,2011-11-27 10:47:00,13,4,4,4,444,High Value
13572.0,1,1384.25,2011-05-18 11:59:00,206,1,1,3,113,Low Value
13573.0,2,294.4,2011-10-20 14:33:00,50,3,2,1,321,Loyal
13575.0,5,732.07,2011-11-16 13:14:00,23,3,4,3,343,High Value
13576.0,18,6717.34,2011-11-29 15:34:00,10,4,4,4,444,High Value
13577.0,4,1687.6,2011-11-14 15:19:00,25,3,3,4,334,High Value
13579.0,2,467.04,2011-11-25 08:41:00,15,4,2,2,422,Loyal
13581.0,1,118.0,2011-02-03 14:41:00,309,1,1,1,111,Low Value
13583.0,1,781.03,2011-07-07 10:40:00,156,1,1,3,113,Low Value
13584.0,1,142.4,2011-02-06 12:49:00,307,1,1,1,111,Low Value
13587.0,1,712.4,2011-10-07 12:31:00,64,2,1,3,213,Low Value
13588.0,9,2478.95,2011-11-24 10:42:00,16,4,4,4,444,High Value
13589.0,2,379.65,2011-11-25 12:10:00,15,4,2,2,422,Loyal
13590.0,6,1981.92,2011-11-28 12:54:00,11,4,4,4,444,High Value
13591.0,3,1117.13,2011-10-06 12:26:00,65,2,3,3,233,Low Value
13592.0,4,247.96,2011-11-04 09:49:00,36,3,3,1,331,Loyal
13593.0,5,2037.08,2011-08-23 13:35:00,108,2,4,4,244,Low Value
13594.0,1,396.97,2011-10-18 10:19:00,53,2,1,2,212,Low Value
13596.0,2,697.04,2011-12-04 12:01:00,6,4,2,3,423,Loyal
13598.0,1,180.17,2011-10-23 14:28:00,47,3,1,1,311,Low Value
13599.0,21,5153.67,2011-12-08 16:10:00,1,4,4,4,444,High Value
13600.0,1,219.52,2011-01-31 15:27:00,312,1,1,1,111,Low Value
13601.0,2,693.32,2011-10-25 17:31:00,45,3,2,3,323,Loyal
13602.0,1,428.89,2011-10-06 11:47:00,65,2,1,2,212,Low Value
13603.0,1,164.34,2011-11-13 15:57:00,26,3,1,1,311,Low Value
13606.0,3,280.54,2011-11-10 17:46:00,29,3,3,1,331,Loyal
13607.0,1,678.01,2011-10-30 16:17:00,40,3,1,3,313,Low Value
13610.0,7,1131.88,2011-11-27 15:38:00,12,4,4,3,443,High Value
13611.0,3,1171.8,2011-09-11 14:51:00,89,2,3,3,233,Low Value
13614.0,4,1610.46,2011-11-15 14:47:00,24,3,3,3,333,High Value
13615.0,1,417.69,2011-01-25 08:21:00,319,1,1,2,112,Low Value
13617.0,3,544.18,2011-10-30 13:50:00,40,3,3,2,332,Loyal
13618.0,1,177.34,2011-06-19 11:09:00,174,1,1,1,111,Low Value
13621.0,1,213.85,2011-08-15 08:26:00,117,2,1,1,211,Low Value
13623.0,5,747.78,2011-11-09 12:00:00,31,3,4,3,343,High Value
13626.0,1,257.23,2011-04-01 10:05:00,253,1,1,1,111,Low Value
13627.0,5,1638.47,2011-10-11 14:20:00,59,2,4,3,243,Low Value
13629.0,11,7792.36,2011-11-16 13:21:00,23,3,4,4,344,High Value
13630.0,7,2031.78,2011-12-04 15:16:00,5,4,4,4,444,High Value
13631.0,11,3070.42,2011-09-01 09:57:00,100,2,4,4,244,Low Value
13632.0,5,2121.27,2011-11-15 10:51:00,25,3,4,4,344,High Value
13634.0,5,1575.16,2011-11-06 13:40:00,33,3,4,3,343,High Value
13635.0,1,1071.03,2011-10-03 10:55:00,68,2,1,3,213,Low Value
13636.0,5,949.12,2011-11-03 10:30:00,37,3,4,3,343,High Value
13637.0,3,810.5,2011-10-18 13:32:00,52,2,3,3,233,Low Value
13638.0,1,122.64,2011-11-24 10:38:00,16,4,1,1,411,Low Value
13639.0,1,1033.34,2011-09-26 13:36:00,74,2,1,3,213,Low Value
13642.0,1,354.8,2011-05-08 12:34:00,216,1,1,2,112,Low Value
13643.0,3,519.44,2011-11-08 15:37:00,31,3,3,2,332,Loyal
13644.0,4,2624.26,2011-11-23 14:07:00,16,4,3,4,434,High Value
13645.0,1,252.1,2011-08-11 16:11:00,120,2,1,1,211,Low Value
13647.0,4,1678.12,2011-11-30 12:00:00,10,4,3,4,434,High Value
13649.0,2,346.6,2011-03-28 11:51:00,257,1,2,2,122,Low Value
13650.0,6,1836.34,2011-11-23 12:22:00,17,4,4,4,444,High Value
13651.0,2,94.2,2011-11-04 14:59:00,35,3,2,1,321,Loyal
13652.0,3,1095.08,2011-10-25 08:51:00,46,3,3,3,333,High Value
13654.0,6,2707.33,2011-10-27 16:24:00,43,3,4,4,344,High Value
13655.0,2,932.97,2011-08-17 14:25:00,114,2,2,3,223,Low Value
13656.0,2,379.65,2011-06-28 10:31:00,165,1,2,2,122,Low Value
13657.0,2,382.14,2011-11-29 12:32:00,11,4,2,2,422,Loyal
13658.0,5,2639.17,2011-11-30 10:13:00,10,4,4,4,444,High Value
13659.0,2,1573.2,2011-05-18 12:37:00,206,1,2,3,123,Low Value
13662.0,3,897.76,2011-09-15 12:04:00,86,2,3,3,233,Low Value
13663.0,1,189.47,2011-06-13 15:44:00,179,1,1,1,111,Low Value
13666.0,3,84.65,2011-10-10 15:39:00,60,2,3,1,231,Low Value
13667.0,1,305.02,2011-07-13 15:42:00,149,1,1,1,111,Low Value
13668.0,21,6363.59,2011-12-07 12:11:00,3,4,4,4,444,High Value
13669.0,2,218.55,2011-10-20 09:32:00,51,3,2,1,321,Loyal
13670.0,1,349.7,2011-09-25 15:25:00,75,2,1,2,212,Low Value
13672.0,2,186.39,2011-02-11 13:53:00,301,1,2,1,121,Low Value
13673.0,2,396.92,2011-11-21 12:11:00,19,3,2,2,322,Loyal
13675.0,2,486.82,2011-07-11 12:57:00,151,1,2,2,122,Low Value
13678.0,1,232.6,2011-07-11 10:14:00,152,1,1,1,111,Low Value
13680.0,4,3722.42,2011-12-08 13:47:00,1,4,3,4,434,High Value
13681.0,4,827.83,2011-11-22 11:13:00,18,4,3,3,433,High Value
13682.0,1,59.5,2011-06-05 14:06:00,187,1,1,1,111,Low Value
13684.0,1,67.23,2011-02-27 10:13:00,286,1,1,1,111,Low Value
13685.0,7,3119.44,2011-12-07 11:41:00,3,4,4,4,444,High Value
13686.0,1,72.0,2011-06-10 09:10:00,183,1,1,1,111,Low Value
13689.0,1,910.0,2011-10-07 13:21:00,63,2,1,3,213,Low Value
13690.0,1,172.25,2011-10-11 15:03:00,59,2,1,1,211,Low Value
13692.0,3,1488.32,2011-11-15 11:17:00,25,3,3,3,333,High Value
13694.0,50,65039.62,2011-12-06 09:32:00,4,4,4,4,444,High Value
13695.0,15,2504.13,2011-11-08 14:26:00,31,3,4,4,344,High Value
13697.0,1,151.3,2011-11-01 09:14:00,39,3,1,1,311,Low Value
13699.0,1,308.58,2011-07-07 16:51:00,155,1,1,2,112,Low Value
13700.0,10,2265.12,2011-11-13 13:00:00,26,3,4,4,344,High Value
13703.0,1,99.5,2011-01-25 13:10:00,318,1,1,1,111,Low Value
13704.0,9,2308.06,2011-12-04 15:13:00,5,4,4,4,444,High Value
13705.0,3,711.86,2011-12-02 12:32:00,8,4,3,3,433,High Value
13706.0,1,330.79,2011-02-10 09:21:00,303,1,1,2,112,Low Value
13707.0,2,806.41,2011-03-17 18:03:00,267,1,2,3,123,Low Value
13708.0,1,296.88,2011-03-13 13:46:00,271,1,1,1,111,Low Value
13709.0,13,6328.05,2011-12-06 10:28:00,4,4,4,4,444,High Value
13710.0,1,180.48,2011-11-08 08:16:00,32,3,1,1,311,Low Value
13711.0,2,252.06,2011-05-05 10:31:00,219,1,2,1,121,Low Value
13712.0,1,228.84,2011-04-07 12:33:00,247,1,1,1,111,Low Value
13715.0,5,1079.34,2011-03-03 19:21:00,281,1,4,3,143,Low Value
13716.0,1,138.28,2011-03-15 13:49:00,269,1,1,1,111,Low Value
13717.0,6,1445.01,2011-11-07 14:13:00,32,3,4,3,343,High Value
13718.0,2,306.55,2011-04-07 13:24:00,246,1,2,1,121,Low Value
13719.0,5,1041.68,2011-11-24 15:26:00,15,4,4,3,443,High Value
13720.0,4,799.9,2011-08-15 12:46:00,117,2,3,3,233,Low Value
13721.0,1,524.14,2011-11-03 14:05:00,36,3,1,2,312,Low Value
13722.0,3,2375.41,2011-07-31 12:44:00,132,2,3,4,234,Low Value
13723.0,1,199.85,2011-05-06 17:04:00,217,1,1,1,111,Low Value
13725.0,8,1980.56,2011-10-21 10:03:00,50,3,4,4,344,High Value
13726.0,2,1079.66,2011-11-01 10:49:00,39,3,2,3,323,Loyal
13727.0,2,333.48,2011-11-11 09:46:00,29,3,2,2,322,Loyal
13728.0,6,1016.14,2011-11-03 10:49:00,37,3,4,3,343,High Value
13730.0,2,752.6,2011-07-27 08:35:00,136,2,2,3,223,Low Value
13731.0,2,610.59,2011-05-04 14:33:00,219,1,2,2,122,Low Value
13732.0,1,491.86,2011-11-11 15:49:00,28,3,1,2,312,Low Value
13735.0,4,2885.24,2011-11-15 11:14:00,25,3,3,4,334,High Value
13736.0,2,731.9,2011-12-04 15:19:00,5,4,2,3,423,Loyal
13737.0,1,339.6,2011-05-23 16:32:00,200,1,1,2,112,Low Value
13739.0,1,216.9,2011-11-21 13:35:00,18,4,1,1,411,Low Value
13740.0,1,350.75,2011-04-13 10:32:00,241,1,1,2,112,Low Value
13741.0,3,668.43,2011-09-29 09:19:00,72,2,3,2,232,Low Value
13742.0,12,3131.02,2011-11-23 11:07:00,17,4,4,4,444,High Value
13743.0,7,1341.6,2011-12-07 10:09:00,3,4,4,3,443,High Value
13744.0,2,1156.36,2011-09-05 15:19:00,95,2,2,3,223,Low Value
13745.0,1,300.04,2011-06-30 16:43:00,162,1,1,1,111,Low Value
13747.0,1,79.6,2010-12-01 10:37:00,374,1,1,1,111,Low Value
13748.0,5,948.25,2011-09-05 09:45:00,96,2,4,3,243,Low Value
13750.0,5,1647.26,2011-10-17 12:16:00,54,2,4,3,243,Low Value
13751.0,1,296.25,2011-02-24 15:56:00,288,1,1,1,111,Low Value
13752.0,6,1186.28,2011-08-07 14:16:00,124,2,4,3,243,Low Value
13753.0,1,741.26,2011-02-25 12:48:00,288,1,1,3,113,Low Value
13754.0,2,282.6,2011-07-11 11:51:00,152,1,2,1,121,Low Value
13755.0,9,2161.35,2011-12-06 12:26:00,4,4,4,4,444,High Value
13756.0,14,5189.52,2011-12-07 16:44:00,2,4,4,4,444,High Value
13758.0,7,3190.55,2011-11-28 11:11:00,12,4,4,4,444,High Value
13759.0,2,659.41,2011-11-06 14:47:00,33,3,2,2,322,Loyal
13760.0,2,286.79,2011-10-16 16:13:00,54,2,2,1,221,Low Value
13761.0,2,1070.65,2011-10-20 14:01:00,50,3,2,3,323,Loyal
13762.0,1,306.72,2011-05-05 09:15:00,219,1,1,1,111,Low Value
13763.0,1,1714.96,2011-10-07 15:13:00,63,2,1,4,214,Low Value
13764.0,3,1521.76,2011-09-30 12:03:00,71,2,3,3,233,Low Value
13767.0,37,17220.36,2011-12-07 15:00:00,2,4,4,4,444,High Value
13769.0,10,2796.51,2011-12-07 15:08:00,2,4,4,4,444,High Value
13771.0,4,2634.45,2011-10-06 14:18:00,64,2,3,4,234,Low Value
13772.0,3,1132.13,2011-11-06 11:43:00,34,3,3,3,333,High Value
13774.0,1,345.0,2011-09-19 12:06:00,82,2,1,2,212,Low Value
13777.0,33,25977.16,2011-12-09 12:25:00,1,4,4,4,444,High Value
13778.0,1,178.7,2011-08-28 15:25:00,103,2,1,1,211,Low Value
13780.0,2,360.01,2011-12-02 13:49:00,7,4,2,2,422,Loyal
13781.0,1,127.84,2011-04-03 12:08:00,251,1,1,1,111,Low Value
13782.0,6,912.0,2011-11-27 11:54:00,13,4,4,3,443,High Value
13784.0,11,2462.79,2011-11-30 09:33:00,10,4,4,4,444,High Value
13786.0,1,230.4,2010-12-07 13:53:00,367,1,1,1,111,Low Value
13787.0,2,309.04,2011-09-25 12:06:00,76,2,2,2,222,Low Value
13790.0,1,348.8,2011-12-05 15:48:00,4,4,1,2,412,Low Value
13791.0,2,1516.0,2011-08-04 11:44:00,128,2,2,3,223,Low Value
13792.0,2,195.55,2011-10-04 14:31:00,66,2,2,1,221,Low Value
13798.0,57,37153.85,2011-12-08 15:51:00,1,4,4,4,444,High Value
13799.0,2,688.86,2011-08-15 12:07:00,117,2,2,3,223,Low Value
13800.0,1,558.32,2011-02-03 12:27:00,310,1,1,2,112,Low Value
13801.0,1,324.8,2011-10-04 10:15:00,67,2,1,2,212,Low Value
13802.0,3,4599.42,2011-07-24 10:54:00,139,2,3,4,234,Low Value
13803.0,1,277.07,2011-03-29 12:57:00,255,1,1,1,111,Low Value
13804.0,7,2635.79,2011-11-09 12:32:00,31,3,4,4,344,High Value
13805.0,2,924.6,2011-10-18 14:50:00,52,2,2,3,223,Low Value
13806.0,1,256.38,2011-10-07 11:43:00,64,2,1,1,211,Low Value
13807.0,1,112.6,2010-12-07 15:48:00,367,1,1,1,111,Low Value
13808.0,5,1747.66,2011-12-04 12:18:00,6,4,4,4,444,High Value
13809.0,1,155.05,2011-02-07 13:15:00,305,1,1,1,111,Low Value
13810.0,3,1499.01,2011-11-11 08:33:00,29,3,3,3,333,High Value
13811.0,3,814.5,2011-06-09 09:54:00,184,1,3,3,133,Low Value
13812.0,3,539.0,2011-10-28 14:27:00,42,3,3,2,332,Loyal
13813.0,4,1366.86,2011-10-31 10:38:00,40,3,3,3,333,High Value
13814.0,2,1579.12,2011-09-08 13:48:00,92,2,2,3,223,Low Value
13815.0,4,4027.36,2011-11-17 14:19:00,22,3,3,4,334,High Value
13816.0,2,571.67,2011-11-16 08:38:00,24,3,2,2,322,Loyal
13817.0,2,382.98,2011-11-10 17:49:00,29,3,2,2,322,Loyal
13819.0,3,1140.35,2011-02-11 10:38:00,302,1,3,3,133,Low Value
13821.0,2,385.64,2011-07-18 09:49:00,145,1,2,2,122,Low Value
13822.0,2,632.0,2011-12-04 12:13:00,6,4,2,2,422,Loyal
13823.0,2,957.66,2011-11-21 10:22:00,19,3,2,3,323,Loyal
13824.0,5,1698.94,2011-11-07 12:41:00,33,3,4,4,344,High Value
13826.0,1,189.5,2011-06-16 13:48:00,176,1,1,1,111,Low Value
13827.0,3,412.05,2011-10-13 12:38:00,58,2,3,2,232,Low Value
13828.0,1,209.49,2011-11-17 16:02:00,22,3,1,1,311,Low Value
13831.0,6,2202.99,2011-11-23 15:41:00,16,4,4,4,444,High Value
13832.0,1,52.2,2011-11-20 15:36:00,19,3,1,1,311,Low Value
13833.0,1,384.8,2011-07-03 13:27:00,159,1,1,2,112,Low Value
13835.0,4,834.57,2011-11-14 15:37:00,25,3,3,3,333,High Value
13837.0,2,271.24,2011-05-12 12:10:00,212,1,2,1,121,Low Value
13838.0,4,691.73,2011-12-04 11:00:00,6,4,3,3,433,High Value
13841.0,1,85.0,2011-04-01 12:10:00,253,1,1,1,111,Low Value
13842.0,9,3385.62,2011-10-12 10:51:00,59,2,4,4,244,Low Value
13844.0,1,361.62,2011-11-28 13:21:00,11,4,1,2,412,Low Value
13845.0,1,312.98,2011-10-06 08:25:00,65,2,1,2,212,Low Value
13846.0,3,865.06,2011-11-15 12:07:00,25,3,3,3,333,High Value
13848.0,3,1255.0,2011-09-08 12:58:00,92,2,3,3,233,Low Value
13849.0,2,1537.95,2011-10-19 10:59:00,52,2,2,3,223,Low Value
13850.0,1,1595.48,2011-08-02 14:04:00,129,2,1,3,213,Low Value
13851.0,3,2651.46,2011-09-05 12:36:00,96,2,3,4,234,Low Value
13853.0,1,1090.14,2011-10-13 14:18:00,57,2,1,3,213,Low Value
13854.0,25,8109.52,2011-12-01 09:06:00,9,4,4,4,444,High Value
13856.0,3,388.5,2011-06-24 10:03:00,169,1,3,2,132,Low Value
13858.0,1,216.17,2011-10-13 16:17:00,57,2,1,1,211,Low Value
13859.0,1,201.16,2011-01-17 16:14:00,326,1,1,1,111,Low Value
13860.0,5,1245.9,2011-12-08 12:57:00,1,4,4,3,443,High Value
13862.0,8,2209.36,2011-11-21 16:24:00,18,4,4,4,444,High Value
13863.0,1,305.78,2011-04-06 10:20:00,248,1,1,1,111,Low Value
13865.0,4,501.56,2011-10-12 13:31:00,58,2,3,2,232,Low Value
13866.0,1,145.67,2011-09-26 14:54:00,74,2,1,1,211,Low Value
13867.0,3,1015.29,2011-11-08 15:48:00,31,3,3,3,333,High Value
13868.0,2,3192.54,2011-12-02 16:32:00,7,4,2,4,424,Loyal
13869.0,4,3104.95,2011-08-08 13:53:00,123,2,3,4,234,Low Value
13870.0,8,2770.94,2011-12-07 13:23:00,2,4,4,4,444,High Value
13871.0,13,6403.25,2011-11-17 10:49:00,23,3,4,4,344,High Value
13873.0,3,389.6,2011-08-12 10:08:00,120,2,3,2,232,Low Value
13874.0,1,540.45,2010-12-16 18:20:00,358,1,1,2,112,Low Value
13875.0,5,1786.79,2011-10-17 09:36:00,54,2,4,4,244,Low Value
13876.0,1,122.7,2011-10-07 10:22:00,64,2,1,1,211,Low Value
13877.0,1,117.24,2011-09-14 15:49:00,86,2,1,1,211,Low Value
13878.0,1,1281.53,2011-10-16 12:19:00,55,2,1,3,213,Low Value
13880.0,13,3219.77,2011-11-18 13:44:00,21,3,4,4,344,High Value
13881.0,20,17159.52,2011-12-06 12:50:00,4,4,4,4,444,High Value
13882.0,5,1191.13,2011-12-07 11:16:00,3,4,4,3,443,High Value
13883.0,5,2674.48,2011-11-29 10:45:00,11,4,4,4,444,High Value
13884.0,5,787.6,2011-12-02 16:30:00,7,4,4,3,443,High Value
13885.0,2,506.8,2011-06-03 15:07:00,189,1,2,2,122,Low Value
13886.0,1,243.56,2011-09-29 13:17:00,71,2,1,1,211,Low Value
13887.0,1,349.55,2011-05-19 17:22:00,204,1,1,2,112,Low Value
13888.0,2,605.63,2011-08-12 10:13:00,120,2,2,2,222,Low Value
13889.0,1,416.9,2011-09-08 09:13:00,93,2,1,2,212,Low Value
13890.0,10,1883.81,2011-12-08 15:36:00,1,4,4,4,444,High Value
13892.0,4,632.97,2011-11-13 11:50:00,27,3,3,2,332,Loyal
13893.0,1,821.1,2011-02-15 11:30:00,298,1,1,3,113,Low Value
13894.0,3,564.62,2011-11-16 09:44:00,24,3,3,2,332,Loyal
13895.0,4,2593.07,2011-11-11 16:57:00,28,3,3,4,334,High Value
13897.0,1,311.16,2011-10-20 14:30:00,50,3,1,2,312,Low Value
13898.0,1,155.93,2011-01-18 10:28:00,326,1,1,1,111,Low Value
13899.0,2,388.52,2011-11-23 13:40:00,16,4,2,2,422,Loyal
13900.0,3,740.95,2011-06-09 19:26:00,183,1,3,3,133,Low Value
13901.0,5,2867.2,2011-09-28 14:48:00,72,2,4,4,244,Low Value
13904.0,2,332.64,2011-11-02 13:41:00,37,3,2,2,322,Loyal
13908.0,4,2369.55,2011-09-21 11:49:00,80,2,3,4,234,Low Value
13911.0,9,2580.91,2011-10-13 15:43:00,57,2,4,4,244,Low Value
13914.0,2,626.45,2011-11-28 10:35:00,12,4,2,2,422,Loyal
13917.0,2,272.04,2011-10-21 09:56:00,50,3,2,1,321,Loyal
13918.0,2,1212.84,2011-10-21 12:25:00,50,3,2,3,323,Loyal
13919.0,2,384.81,2011-10-11 14:24:00,59,2,2,2,222,Low Value
13922.0,1,172.25,2010-12-23 10:38:00,352,1,1,1,111,Low Value
13923.0,1,351.13,2011-10-17 12:33:00,54,2,1,2,212,Low Value
13924.0,6,1838.85,2011-12-08 09:39:00,2,4,4,4,444,High Value
13925.0,4,678.25,2011-09-08 12:47:00,93,2,3,3,233,Low Value
13926.0,1,223.85,2011-11-16 13:16:00,23,3,1,1,311,Low Value
13927.0,1,348.99,2011-09-26 12:00:00,75,2,1,2,212,Low Value
13928.0,4,464.57,2011-11-29 10:33:00,11,4,3,2,432,Loyal
13929.0,2,842.65,2011-06-23 15:26:00,169,1,2,3,123,Low Value
13930.0,2,337.34,2011-10-13 09:45:00,58,2,2,2,222,Low Value
13931.0,2,1237.53,2011-09-05 10:12:00,96,2,2,3,223,Low Value
13932.0,1,307.4,2011-02-18 12:02:00,295,1,1,2,112,Low Value
13933.0,2,608.79,2011-08-22 14:03:00,109,2,2,2,222,Low Value
13934.0,1,922.1,2011-03-21 08:39:00,264,1,1,3,113,Low Value
13936.0,1,376.58,2011-06-13 08:47:00,180,1,1,2,112,Low Value
13937.0,1,158.85,2011-06-23 16:35:00,169,1,1,1,111,Low Value
13938.0,1,71.66,2011-11-04 14:37:00,35,3,1,1,311,Low Value
13939.0,3,568.55,2011-11-16 13:33:00,23,3,3,2,332,Loyal
13940.0,4,839.14,2011-11-22 15:15:00,17,4,3,3,433,High Value
13941.0,5,5112.96,2011-11-18 09:43:00,22,3,4,4,344,High Value
13946.0,3,561.57,2011-09-21 13:33:00,79,2,3,2,232,Low Value
13947.0,1,90.6,2011-10-05 14:42:00,65,2,1,1,211,Low Value
13948.0,1,102.0,2010-12-14 10:18:00,361,1,1,1,111,Low Value
13949.0,6,2427.32,2011-12-07 09:35:00,3,4,4,4,444,High Value
13950.0,4,745.06,2011-11-28 14:44:00,11,4,3,3,433,High Value
13951.0,3,674.45,2011-06-16 16:43:00,176,1,3,2,132,Low Value
13952.0,2,3251.07,2011-05-06 09:00:00,218,1,2,4,124,Low Value
13953.0,7,3515.68,2011-12-02 16:04:00,7,4,4,4,444,High Value
13954.0,2,439.92,2011-12-08 12:50:00,2,4,2,2,422,Loyal
13955.0,2,322.96,2011-07-08 17:19:00,154,1,2,2,122,Low Value
13956.0,5,1026.42,2011-12-04 13:20:00,5,4,4,3,443,High Value
13959.0,3,598.2,2011-09-21 15:06:00,79,2,3,2,232,Low Value
13960.0,2,230.22,2011-11-18 15:27:00,21,3,2,1,321,Loyal
13962.0,2,169.55,2011-11-18 08:47:00,22,3,2,1,321,Loyal
13963.0,4,664.54,2011-02-04 14:43:00,308,1,3,2,132,Low Value
13967.0,1,80.7,2011-07-17 12:02:00,146,1,1,1,111,Low Value
13969.0,18,9053.94,2011-12-02 15:11:00,7,4,4,4,444,High Value
13971.0,8,2758.26,2011-11-21 12:06:00,19,3,4,4,344,High Value
13972.0,2,190.25,2011-09-30 11:54:00,71,2,2,1,221,Low Value
13973.0,1,264.7,2011-02-25 15:21:00,287,1,1,1,111,Low Value
13974.0,1,413.59,2011-10-21 14:41:00,49,3,1,2,312,Low Value
13975.0,6,2526.28,2011-11-08 13:19:00,31,3,4,4,344,High Value
13976.0,1,357.98,2011-05-17 09:13:00,207,1,1,2,112,Low Value
13978.0,2,196.79,2011-11-25 11:36:00,15,4,2,1,421,Loyal
13979.0,1,869.87,2011-09-27 13:32:00,73,2,1,3,213,Low Value
13980.0,1,200.14,2011-10-10 13:34:00,60,2,1,1,211,Low Value
13982.0,4,1871.81,2011-10-31 16:24:00,39,3,3,4,334,High Value
13983.0,12,2603.43,2011-11-10 11:06:00,30,3,4,4,344,High Value
13984.0,5,920.51,2011-11-13 12:38:00,27,3,4,3,343,High Value
13985.0,15,7060.13,2011-12-05 17:06:00,4,4,4,4,444,High Value
13986.0,1,320.46,2011-11-22 15:00:00,17,4,1,2,412,Low Value
13988.0,6,4147.96,2011-11-20 10:15:00,20,3,4,4,344,High Value
13989.0,2,1266.08,2011-10-05 09:47:00,66,2,2,3,223,Low Value
13990.0,1,311.3,2011-05-10 15:19:00,213,1,1,2,112,Low Value
13991.0,6,855.97,2011-11-27 16:18:00,12,4,4,3,443,High Value
13992.0,1,76.8,2011-11-09 15:23:00,30,3,1,1,311,Low Value
13993.0,9,3466.36,2011-10-28 09:06:00,43,3,4,4,344,High Value
13994.0,6,2313.14,2011-12-06 11:05:00,4,4,4,4,444,High Value
13995.0,5,1393.69,2011-11-24 14:22:00,15,4,4,3,443,High Value
13999.0,12,3901.81,2011-11-29 13:40:00,10,4,4,4,444,High Value
14000.0,1,635.66,2011-05-12 16:50:00,211,1,1,2,112,Low Value
14001.0,3,2043.08,2011-10-25 10:31:00,46,3,3,4,334,High Value
14002.0,2,529.73,2011-07-28 15:55:00,134,2,2,2,222,Low Value
14004.0,7,4582.64,2011-10-27 14:40:00,43,3,4,4,344,High Value
14005.0,5,2874.72,2011-11-30 12:41:00,10,4,4,4,444,High Value
14006.0,3,962.19,2011-08-16 09:39:00,116,2,3,3,233,Low Value
14009.0,2,695.61,2011-05-25 15:47:00,198,1,2,3,123,Low Value
14012.0,1,328.8,2011-03-07 12:26:00,278,1,1,2,112,Low Value
14013.0,3,473.02,2011-08-21 15:01:00,110,2,3,2,232,Low Value
14014.0,1,505.18,2011-09-23 13:18:00,77,2,1,2,212,Low Value
14015.0,1,917.34,2011-10-18 10:02:00,53,2,1,3,213,Low Value
14016.0,4,4341.21,2011-07-01 11:29:00,162,1,3,4,134,Low Value
14019.0,3,1421.61,2011-10-24 10:13:00,47,3,3,3,333,High Value
14020.0,2,642.8,2011-11-23 09:22:00,17,4,2,2,422,Loyal
14021.0,3,631.9,2011-07-07 15:46:00,155,1,3,2,132,Low Value
14022.0,1,440.0,2011-04-28 14:39:00,225,1,1,2,112,Low Value
14023.0,2,584.07,2011-12-02 13:58:00,7,4,2,2,422,Loyal
14024.0,2,327.7,2011-08-10 11:30:00,122,2,2,2,222,Low Value
14027.0,1,104.82,2011-10-10 09:01:00,61,2,1,1,211,Low Value
14029.0,2,467.66,2011-10-07 14:46:00,63,2,2,2,222,Low Value
14030.0,8,2360.09,2011-11-21 16:48:00,18,4,4,4,444,High Value
14031.0,19,17286.86,2011-12-02 17:13:00,7,4,4,4,444,High Value
14032.0,11,2975.59,2011-12-07 15:23:00,2,4,4,4,444,High Value
14034.0,3,651.82,2011-11-17 14:02:00,22,3,3,2,332,Loyal
14035.0,5,1428.02,2011-11-11 10:03:00,29,3,4,3,343,High Value
14036.0,1,626.65,2011-02-28 09:26:00,285,1,1,2,112,Low Value
14037.0,2,147.2,2011-06-16 13:57:00,176,1,2,1,121,Low Value
14038.0,3,1560.38,2011-09-22 13:37:00,78,2,3,3,233,Low Value
14039.0,1,152.2,2011-11-06 13:48:00,33,3,1,1,311,Low Value
14040.0,12,3614.92,2011-10-30 12:42:00,41,3,4,4,344,High Value
14041.0,1,141.41,2011-03-18 13:25:00,266,1,1,1,111,Low Value
14044.0,4,652.82,2011-11-13 12:05:00,27,3,3,2,332,Loyal
14045.0,4,1659.75,2011-08-22 15:27:00,109,2,3,3,233,Low Value
14046.0,1,154.99,2011-02-28 14:48:00,284,1,1,1,111,Low Value
14047.0,5,1308.61,2011-12-01 11:43:00,9,4,4,3,443,High Value
14048.0,1,409.93,2011-02-07 14:53:00,305,1,1,2,112,Low Value
14049.0,4,5681.72,2011-11-23 12:20:00,17,4,3,4,434,High Value
14050.0,2,746.36,2011-11-08 10:00:00,32,3,2,3,323,Loyal
14051.0,23,15610.39,2011-12-09 10:20:00,1,4,4,4,444,High Value
14052.0,1,225.36,2011-11-20 12:30:00,20,3,1,1,311,Low Value
14053.0,2,260.25,2011-08-07 14:27:00,124,2,2,1,221,Low Value
14054.0,1,92.46,2011-10-05 15:49:00,65,2,1,1,211,Low Value
14055.0,1,725.64,2011-08-25 15:04:00,106,2,1,3,213,Low Value
14056.0,23,8214.65,2011-12-08 13:36:00,1,4,4,4,444,High Value
14057.0,17,6217.96,2011-11-16 10:32:00,24,3,4,4,344,High Value
14059.0,1,183.6,2011-03-18 10:06:00,267,1,1,1,111,Low Value
14060.0,19,6140.42,2011-12-05 12:29:00,5,4,4,4,444,High Value
14062.0,12,10464.85,2011-11-30 10:04:00,10,4,4,4,444,High Value
14064.0,5,1353.74,2011-11-10 13:14:00,29,3,4,3,343,High Value
14066.0,1,152.55,2011-03-18 12:21:00,267,1,1,1,111,Low Value
14067.0,2,374.7,2011-10-07 10:21:00,64,2,2,2,222,Low Value
14068.0,1,265.85,2011-01-23 16:02:00,320,1,1,1,111,Low Value
14071.0,8,1438.82,2011-12-06 12:27:00,4,4,4,3,443,High Value
14073.0,1,151.04,2011-11-07 15:49:00,32,3,1,1,311,Low Value
14075.0,3,942.26,2011-12-05 08:38:00,5,4,3,3,433,High Value
14076.0,1,122.47,2011-08-02 15:19:00,129,2,1,1,211,Low Value
14077.0,5,499.42,2011-10-30 12:35:00,41,3,4,2,342,Loyal
14078.0,6,1049.37,2011-08-30 12:16:00,102,2,4,3,243,Low Value
14079.0,1,375.1,2011-08-07 12:10:00,125,2,1,2,212,Low Value
14080.0,1,45.6,2011-11-07 11:09:00,33,3,1,1,311,Low Value
14081.0,2,934.52,2011-02-10 16:17:00,302,1,2,3,123,Low Value
14082.0,1,182.25,2010-12-10 11:02:00,365,1,1,1,111,Low Value
14083.0,9,1018.43,2011-12-05 13:14:00,4,4,4,3,443,High Value
14085.0,18,4448.54,2011-12-07 13:46:00,2,4,4,4,444,High Value
14087.0,1,194.42,2011-12-07 12:41:00,3,4,1,1,411,Low Value
14088.0,13,50491.81,2011-11-29 16:16:00,10,4,4,4,444,High Value
14089.0,1,161.0,2011-10-14 10:38:00,57,2,1,1,211,Low Value
14090.0,1,76.32,2011-01-19 10:51:00,325,1,1,1,111,Low Value
14092.0,14,4076.91,2011-12-02 12:13:00,8,4,4,4,444,High Value
14093.0,1,442.85,2011-11-27 16:27:00,12,4,1,2,412,Low Value
14096.0,17,65164.79,2011-12-05 17:17:00,4,4,4,4,444,High Value
14098.0,1,147.35,2011-11-03 10:13:00,37,3,1,1,311,Low Value
14099.0,11,3104.17,2011-11-23 13:53:00,16,4,4,4,444,High Value
14100.0,1,194.9,2011-07-25 11:01:00,138,2,1,1,211,Low Value
14101.0,6,5976.79,2011-09-27 12:28:00,74,2,4,4,244,Low Value
14102.0,5,1360.28,2011-12-04 15:38:00,5,4,4,3,443,High Value
14104.0,2,216.21,2011-07-08 12:50:00,155,1,2,1,121,Low Value
14105.0,1,1266.23,2011-04-14 17:58:00,239,1,1,3,113,Low Value
14107.0,7,2703.23,2011-10-19 12:12:00,52,2,4,4,244,Low Value
14108.0,2,597.91,2011-11-09 10:41:00,31,3,2,2,322,Loyal
14109.0,1,144.2,2011-09-28 10:18:00,73,2,1,1,211,Low Value
14110.0,12,5683.15,2011-12-06 12:26:00,4,4,4,4,444,High Value
14111.0,4,692.85,2011-11-25 13:44:00,14,4,3,3,433,High Value
14112.0,7,2915.15,2011-11-17 12:30:00,23,3,4,4,344,High Value
14113.0,4,1840.42,2011-12-06 12:18:00,4,4,3,4,434,High Value
14114.0,2,386.53,2011-03-11 09:42:00,274,1,2,2,122,Low Value
14116.0,5,1382.74,2011-11-20 10:29:00,20,3,4,3,343,High Value
14117.0,1,90.0,2011-07-19 09:49:00,144,1,1,1,111,Low Value
14121.0,4,2780.15,2011-12-06 12:19:00,4,4,3,4,434,High Value
14124.0,1,419.58,2011-09-16 13:32:00,84,2,1,2,212,Low Value
14125.0,3,2740.43,2011-11-29 12:47:00,11,4,3,4,434,High Value
14126.0,3,706.13,2011-12-02 11:45:00,8,4,3,3,433,High Value
14127.0,3,709.71,2011-08-09 10:49:00,123,2,3,3,233,Low Value
14128.0,2,637.5,2011-10-10 12:00:00,61,2,2,2,222,Low Value
14129.0,5,1123.86,2011-12-08 11:02:00,2,4,4,3,443,High Value
14130.0,1,483.86,2011-01-24 16:05:00,319,1,1,2,112,Low Value
14132.0,11,3586.03,2011-12-07 13:35:00,2,4,4,4,444,High Value
14133.0,3,605.64,2011-08-02 11:34:00,130,2,3,2,232,Low Value
14135.0,15,4690.31,2011-12-08 11:38:00,2,4,4,4,444,High Value
14138.0,2,982.38,2011-12-08 12:44:00,2,4,2,3,423,Loyal
14139.0,1,415.82,2011-10-24 13:34:00,46,3,1,2,312,Low Value
14140.0,2,935.05,2011-12-06 09:05:00,4,4,2,3,423,Loyal
14141.0,4,915.13,2011-12-07 09:53:00,3,4,3,3,433,High Value
14142.0,1,311.81,2010-12-01 16:33:00,373,1,1,2,112,Low Value
14143.0,1,115.8,2011-07-29 09:48:00,134,2,1,1,211,Low Value
14145.0,4,3742.2,2011-10-24 12:10:00,47,3,3,4,334,High Value
14146.0,5,4191.0,2011-12-01 10:18:00,9,4,4,4,444,High Value
14147.0,2,483.4,2011-09-22 18:10:00,78,2,2,2,222,Low Value
14148.0,1,157.2,2011-04-20 12:02:00,234,1,1,1,111,Low Value
14149.0,1,446.62,2011-05-03 09:44:00,221,1,1,2,112,Low Value
14150.0,2,658.64,2011-11-04 10:05:00,36,3,2,2,322,Loyal
14152.0,2,621.29,2011-09-25 12:54:00,75,2,2,2,222,Low Value
14154.0,2,1345.62,2011-04-14 16:26:00,239,1,2,3,123,Low Value
14155.0,1,118.75,2011-03-18 14:13:00,266,1,1,1,111,Low Value
14156.0,55,117379.63,2011-11-30 10:54:00,10,4,4,4,444,High Value
14157.0,2,432.88,2011-11-20 11:32:00,20,3,2,2,322,Loyal
14158.0,1,507.66,2011-10-30 15:08:00,40,3,1,2,312,Low Value
14159.0,11,4693.01,2011-11-20 12:36:00,20,3,4,4,344,High Value
14161.0,3,1110.52,2011-05-08 11:41:00,216,1,3,3,133,Low Value
14162.0,2,289.36,2011-06-19 11:36:00,174,1,2,1,121,Low Value
14163.0,4,2445.91,2011-09-13 15:18:00,87,2,3,4,234,Low Value
14164.0,2,1631.77,2011-09-30 12:24:00,71,2,2,3,223,Low Value
14165.0,1,122.54,2011-03-09 12:39:00,276,1,1,1,111,Low Value
14167.0,4,574.84,2011-10-31 14:29:00,39,3,3,2,332,Loyal
14171.0,1,363.79,2011-09-02 16:43:00,98,2,1,2,212,Low Value
14173.0,4,450.84,2011-11-29 11:54:00,11,4,3,2,432,Loyal
14174.0,1,134.46,2011-11-06 13:17:00,33,3,1,1,311,Low Value
14175.0,3,3222.3,2011-10-11 11:55:00,60,2,3,4,234,Low Value
14176.0,4,576.9,2011-02-15 13:12:00,297,1,3,2,132,Low Value
14177.0,4,559.41,2011-09-14 15:11:00,86,2,3,2,232,Low Value
14178.0,7,1620.93,2011-12-01 12:01:00,9,4,4,3,443,High Value
14179.0,2,719.78,2011-10-30 12:07:00,41,3,2,3,323,Loyal
14180.0,25,4748.52,2011-11-29 10:56:00,11,4,4,4,444,High Value
14184.0,1,452.89,2011-10-04 12:43:00,67,2,1,2,212,Low Value
14185.0,1,197.65,2011-01-12 13:52:00,331,1,1,1,111,Low Value
14188.0,6,2054.36,2011-11-09 12:45:00,31,3,4,4,344,High Value
14189.0,15,4654.08,2011-12-07 15:55:00,2,4,4,4,444,High Value
14191.0,13,4684.76,2011-12-08 09:23:00,2,4,4,4,444,High Value
14193.0,2,853.39,2011-10-03 09:34:00,68,2,2,3,223,Low Value
14194.0,21,11349.52,2011-12-05 10:38:00,5,4,4,4,444,High Value
14195.0,2,1012.0,2011-05-22 10:29:00,202,1,2,3,123,Low Value
14196.0,1,335.52,2011-08-25 10:25:00,107,2,1,2,212,Low Value
14198.0,4,701.4,2011-11-21 16:35:00,18,4,3,3,433,High Value
14199.0,1,185.4,2011-05-05 13:44:00,218,1,1,1,111,Low Value
14201.0,7,747.44,2011-10-10 13:27:00,60,2,4,3,243,Low Value
14204.0,1,161.03,2011-12-07 13:38:00,2,4,1,1,411,Low Value
14205.0,2,466.7,2011-11-23 10:55:00,17,4,2,2,422,Loyal
14206.0,1,328.16,2011-04-14 16:38:00,239,1,1,2,112,Low Value
14208.0,1,151.74,2011-09-06 12:48:00,95,2,1,1,211,Low Value
14209.0,6,2073.43,2011-11-29 10:18:00,11,4,4,4,444,High Value
14210.0,6,1905.84,2011-08-26 12:36:00,106,2,4,4,244,Low Value
14211.0,9,2241.1,2011-10-17 13:23:00,53,2,4,4,244,Low Value
14212.0,1,1070.48,2011-09-11 12:45:00,90,2,1,3,213,Low Value
14214.0,5,1004.38,2011-11-09 10:31:00,31,3,4,3,343,High Value
14215.0,6,1789.72,2011-11-28 12:19:00,12,4,4,4,444,High Value
14216.0,4,1839.3,2011-12-06 14:56:00,3,4,3,4,434,High Value
14217.0,17,2004.98,2011-12-08 11:53:00,2,4,4,4,444,High Value
14218.0,1,169.48,2011-10-28 10:00:00,43,3,1,1,311,Low Value
14219.0,1,89.94,2011-12-05 16:23:00,4,4,1,1,411,Low Value
14220.0,2,632.4,2011-04-06 13:23:00,247,1,2,2,122,Low Value
14221.0,9,3432.8,2011-10-28 13:42:00,42,3,4,4,344,High Value
14222.0,1,683.17,2011-06-15 16:42:00,177,1,1,3,113,Low Value
14223.0,3,991.13,2011-09-08 13:38:00,92,2,3,3,233,Low Value
14224.0,4,1050.12,2011-08-21 13:24:00,110,2,3,3,233,Low Value
14226.0,5,2232.19,2011-11-11 11:34:00,29,3,4,4,344,High Value
14227.0,10,3350.96,2011-11-13 15:48:00,26,3,4,4,344,High Value
14229.0,3,1547.2,2011-10-19 10:04:00,52,2,3,3,233,Low Value
14231.0,3,925.71,2011-06-09 11:05:00,184,1,3,3,133,Low Value
14232.0,5,2048.07,2011-10-28 11:09:00,43,3,4,4,344,High Value
14233.0,4,1462.72,2011-10-21 15:54:00,49,3,3,3,333,High Value
14234.0,4,775.46,2011-11-17 17:53:00,22,3,3,3,333,High Value
14235.0,5,3144.86,2011-09-25 14:37:00,75,2,4,4,244,Low Value
14236.0,2,490.86,2011-09-20 09:13:00,81,2,2,2,222,Low Value
14237.0,1,161.0,2010-12-01 13:20:00,373,1,1,1,111,Low Value
14238.0,1,146.85,2011-01-17 14:40:00,326,1,1,1,111,Low Value
14239.0,11,2380.85,2011-10-27 14:40:00,43,3,4,4,344,High Value
14240.0,2,890.34,2011-11-09 13:45:00,30,3,2,3,323,Loyal
14241.0,1,213.7,2011-06-09 11:46:00,184,1,1,1,111,Low Value
14242.0,2,280.55,2011-04-19 11:46:00,235,1,2,1,121,Low Value
14243.0,10,2588.77,2011-12-01 11:12:00,9,4,4,4,444,High Value
14245.0,2,1693.45,2011-05-04 08:40:00,220,1,2,4,124,Low Value
14246.0,3,1474.06,2011-08-21 11:50:00,111,2,3,3,233,Low Value
14247.0,1,136.77,2011-03-06 15:21:00,278,1,1,1,111,Low Value
14248.0,1,302.58,2011-01-25 14:45:00,318,1,1,1,111,Low Value
14250.0,3,1904.05,2011-12-02 14:30:00,7,4,3,4,434,High Value
14251.0,5,2879.7,2011-12-08 08:32:00,2,4,4,4,444,High Value
14256.0,2,969.06,2011-03-24 13:17:00,260,1,2,3,123,Low Value
14257.0,5,3099.72,2011-10-06 16:54:00,64,2,4,4,244,Low Value
14258.0,9,12669.98,2011-11-30 15:27:00,9,4,4,4,444,High Value
14259.0,1,120.0,2011-07-21 10:44:00,142,2,1,1,211,Low Value
14261.0,2,1163.45,2011-10-20 10:04:00,51,3,2,3,323,Loyal
14262.0,8,2618.23,2011-12-01 14:17:00,8,4,4,4,444,High Value
14264.0,2,333.97,2011-07-08 10:20:00,155,1,2,2,122,Low Value
14265.0,2,530.18,2011-08-22 13:32:00,109,2,2,2,222,Low Value
14267.0,3,1516.24,2011-06-30 10:09:00,163,1,3,3,133,Low Value
14270.0,1,492.65,2011-01-12 09:33:00,332,1,1,2,112,Low Value
14271.0,1,112.32,2011-04-28 12:47:00,226,1,1,1,111,Low Value
14272.0,2,437.96,2011-09-27 10:08:00,74,2,2,2,222,Low Value
14273.0,4,559.97,2011-10-19 13:20:00,51,3,3,2,332,Loyal
14276.0,3,1119.74,2011-09-02 09:45:00,99,2,3,3,233,Low Value
14277.0,3,4216.2,2011-11-24 15:01:00,15,4,3,4,434,High Value
14280.0,1,134.04,2011-05-27 10:37:00,197,1,1,1,111,Low Value
14282.0,15,3729.34,2011-12-06 17:04:00,3,4,4,4,444,High Value
14284.0,2,595.25,2011-11-09 08:11:00,31,3,2,2,322,Loyal
14285.0,4,1910.01,2011-11-18 14:50:00,21,3,3,4,334,High Value
14286.0,3,4628.75,2011-11-16 10:34:00,24,3,3,4,334,High Value
14287.0,3,176.63,2011-12-01 13:25:00,8,4,3,1,431,Loyal
14288.0,1,426.6,2011-05-10 13:22:00,213,1,1,2,112,Low Value
14289.0,6,911.26,2011-12-01 11:44:00,9,4,4,3,443,High Value
14290.0,5,2314.65,2011-11-28 14:02:00,11,4,4,4,444,High Value
14291.0,11,3883.25,2011-12-08 10:26:00,2,4,4,4,444,High Value
14292.0,9,4871.93,2011-12-02 11:50:00,8,4,4,4,444,High Value
14293.0,4,1046.56,2011-12-06 15:17:00,3,4,3,3,433,High Value
14295.0,1,166.2,2011-10-30 15:50:00,40,3,1,1,311,Low Value
14297.0,4,1305.33,2011-11-22 09:06:00,18,4,3,3,433,High Value
14298.0,44,51527.3,2011-12-01 13:12:00,8,4,4,4,444,High Value
14299.0,9,3965.62,2011-12-01 16:05:00,8,4,4,4,444,High Value
14300.0,1,43.2,2011-11-21 08:57:00,19,3,1,1,311,Low Value
14301.0,1,640.14,2011-08-14 15:33:00,117,2,1,2,212,Low Value
14304.0,1,383.45,2011-05-01 11:50:00,223,1,1,2,112,Low Value
14305.0,3,1858.96,2011-09-29 15:29:00,71,2,3,4,234,Low Value
14306.0,2,2093.32,2011-10-19 13:23:00,51,3,2,4,324,Loyal
14307.0,6,2995.72,2011-09-12 09:38:00,89,2,4,4,244,Low Value
14309.0,9,2352.53,2011-12-01 13:33:00,8,4,4,4,444,High Value
14311.0,1,310.26,2011-04-11 10:14:00,243,1,1,2,112,Low Value
14312.0,6,1611.59,2011-10-24 09:46:00,47,3,4,3,343,High Value
14314.0,1,120.0,2011-08-25 10:39:00,107,2,1,1,211,Low Value
14315.0,6,2481.13,2011-10-26 12:06:00,45,3,4,4,344,High Value
14317.0,1,508.58,2011-10-06 10:44:00,65,2,1,2,212,Low Value
14320.0,2,477.79,2011-05-17 09:24:00,207,1,2,2,122,Low Value
14321.0,5,1530.75,2011-11-29 09:47:00,11,4,4,3,443,High Value
14323.0,2,605.06,2011-08-17 11:37:00,115,2,2,2,222,Low Value
14326.0,1,183.85,2011-04-11 15:04:00,242,1,1,1,111,Low Value
14327.0,1,311.65,2011-06-29 13:58:00,163,1,1,2,112,Low Value
14329.0,7,5014.84,2011-11-22 15:50:00,17,4,4,4,444,High Value
14331.0,2,462.66,2011-08-07 13:17:00,124,2,2,2,222,Low Value
14332.0,3,866.31,2011-11-17 11:54:00,23,3,3,3,333,High Value
14333.0,1,415.2,2011-10-03 10:38:00,68,2,1,2,212,Low Value
14334.0,8,2552.21,2011-11-23 10:01:00,17,4,4,4,444,High Value
14335.0,2,468.26,2011-11-23 13:41:00,16,4,2,2,422,Loyal
14336.0,4,1614.91,2011-11-23 11:40:00,17,4,3,3,433,High Value
14338.0,2,588.22,2011-07-01 14:08:00,161,1,2,2,122,Low Value
14339.0,1,309.52,2011-04-11 11:06:00,243,1,1,2,112,Low Value
14340.0,1,134.7,2011-05-05 09:44:00,219,1,1,1,111,Low Value
14341.0,8,2182.28,2011-10-25 15:48:00,45,3,4,4,344,High Value
14342.0,4,668.56,2011-11-18 13:21:00,21,3,3,2,332,Loyal
14344.0,8,889.93,2011-08-04 13:51:00,127,2,4,3,243,Low Value
14345.0,1,108.98,2011-11-01 09:51:00,39,3,1,1,311,Low Value
14346.0,2,1021.58,2011-08-11 09:47:00,121,2,2,3,223,Low Value
14348.0,1,409.57,2011-03-24 16:23:00,260,1,1,2,112,Low Value
14349.0,1,133.5,2011-11-29 15:39:00,10,4,1,1,411,Low Value
14350.0,1,282.93,2011-03-10 14:14:00,274,1,1,1,111,Low Value
14351.0,1,51.0,2011-06-28 11:56:00,165,1,1,1,111,Low Value
14352.0,4,1078.96,2011-07-05 15:41:00,157,1,3,3,133,Low Value
14353.0,1,90.6,2011-05-08 16:06:00,215,1,1,1,111,Low Value
14354.0,2,163.62,2011-12-04 11:32:00,6,4,2,1,421,Loyal
14355.0,1,174.4,2010-12-09 12:16:00,366,1,1,1,111,Low Value
14356.0,2,701.23,2011-09-21 09:18:00,80,2,2,3,223,Low Value
14357.0,1,225.77,2011-10-27 16:23:00,43,3,1,1,311,Low Value
14359.0,3,912.18,2011-11-20 13:17:00,19,3,3,3,333,High Value
14360.0,4,2128.23,2011-11-08 09:12:00,32,3,3,4,334,High Value
14362.0,1,161.2,2011-11-17 15:08:00,22,3,1,1,311,Low Value
14364.0,8,3717.35,2011-08-23 11:01:00,109,2,4,4,244,Low Value
14367.0,16,9261.52,2011-12-01 13:19:00,8,4,4,4,444,High Value
14368.0,1,155.0,2011-01-24 09:52:00,320,1,1,1,111,Low Value
14371.0,1,100.5,2011-02-17 16:35:00,295,1,1,1,111,Low Value
14373.0,1,76.55,2010-12-16 15:40:00,358,1,1,1,111,Low Value
14375.0,1,257.68,2011-06-07 13:44:00,185,1,1,1,111,Low Value
14377.0,2,617.05,2011-06-01 13:32:00,191,1,2,2,122,Low Value
14379.0,2,348.1,2011-10-26 16:43:00,44,3,2,2,322,Loyal
14381.0,1,202.68,2011-10-18 17:10:00,52,2,1,1,211,Low Value
14382.0,1,626.07,2011-11-13 16:18:00,26,3,1,2,312,Low Value
14383.0,3,1247.69,2011-11-01 15:53:00,38,3,3,3,333,High Value
14385.0,3,202.11,2011-11-30 15:36:00,9,4,3,1,431,Loyal
14386.0,1,142.4,2011-02-16 09:45:00,297,1,1,1,111,Low Value
14387.0,3,1770.56,2011-11-07 12:29:00,33,3,3,4,334,High Value
14388.0,8,3212.84,2011-11-29 13:32:00,10,4,4,4,444,High Value
14389.0,2,1043.46,2011-10-05 15:17:00,65,2,2,3,223,Low Value
14390.0,9,4652.82,2011-11-29 13:49:00,10,4,4,4,444,High Value
14393.0,1,67.95,2011-05-05 18:16:00,218,1,1,1,111,Low Value
14395.0,9,3507.71,2011-12-07 14:34:00,2,4,4,4,444,High Value
14396.0,2,487.99,2011-10-05 16:09:00,65,2,2,2,222,Low Value
14397.0,19,2612.96,2011-12-07 09:22:00,3,4,4,4,444,High Value
14400.0,1,574.7,2011-07-13 15:50:00,149,1,1,2,112,Low Value
14401.0,13,4051.48,2011-12-05 13:30:00,4,4,4,4,444,High Value
14403.0,4,1475.81,2011-08-01 12:57:00,130,2,3,3,233,Low Value
14404.0,6,1474.32,2011-11-06 12:30:00,34,3,4,3,343,High Value
14406.0,1,156.75,2011-08-12 16:54:00,119,2,1,1,211,Low Value
14407.0,6,2157.73,2011-08-24 14:02:00,107,2,4,4,244,Low Value
14408.0,7,2606.53,2011-11-29 11:41:00,11,4,4,4,444,High Value
14409.0,6,2059.45,2011-09-29 18:18:00,71,2,4,4,244,Low Value
14410.0,9,1105.07,2011-09-08 15:08:00,92,2,4,3,243,Low Value
14411.0,1,1063.0,2011-02-02 10:56:00,311,1,1,3,113,Low Value
14412.0,2,770.03,2011-10-28 10:45:00,43,3,2,3,323,Loyal
14413.0,1,122.7,2010-12-12 13:37:00,362,1,1,1,111,Low Value
14414.0,7,1496.98,2011-09-09 12:09:00,92,2,4,3,243,Low Value
14415.0,13,5900.28,2011-12-08 14:38:00,1,4,4,4,444,High Value
14416.0,2,490.22,2011-11-17 15:22:00,22,3,2,2,322,Loyal
14418.0,3,1937.25,2011-12-06 11:39:00,4,4,3,4,434,High Value
14419.0,6,1058.06,2011-11-29 11:22:00,11,4,4,3,443,High Value
14420.0,1,387.52,2011-09-01 18:07:00,99,2,1,2,212,Low Value
14421.0,2,813.11,2011-10-13 13:24:00,57,2,2,3,223,Low Value
14422.0,6,4263.64,2011-12-09 11:26:00,1,4,4,4,444,High Value
14423.0,1,265.2,2011-05-05 15:12:00,218,1,1,1,111,Low Value
14424.0,1,322.08,2011-11-22 11:48:00,18,4,1,2,412,Low Value
14426.0,10,4481.67,2011-11-16 12:25:00,24,3,4,4,344,High Value
14427.0,2,363.34,2011-10-20 14:23:00,50,3,2,2,322,Loyal
14428.0,5,1244.83,2011-12-02 13:17:00,7,4,4,3,443,High Value
14431.0,1,470.36,2011-02-10 10:40:00,303,1,1,2,112,Low Value
14432.0,6,2255.51,2011-11-30 08:04:00,10,4,4,4,444,High Value
14434.0,6,1372.8,2011-11-18 08:56:00,22,3,4,3,343,High Value
14436.0,1,89.06,2011-09-02 10:13:00,99,2,1,1,211,Low Value
14437.0,1,63.0,2010-12-09 09:27:00,366,1,1,1,111,Low Value
14438.0,1,131.9,2011-02-06 14:56:00,306,1,1,1,111,Low Value
14439.0,1,2661.24,2011-01-24 11:39:00,320,1,1,4,114,Low Value
14440.0,5,2357.68,2011-12-01 15:42:00,8,4,4,4,444,High Value
14441.0,4,1712.89,2011-12-09 09:07:00,1,4,3,4,434,High Value
14442.0,2,1589.82,2011-05-19 11:36:00,205,1,2,3,123,Low Value
14443.0,4,1420.2,2011-10-17 10:10:00,54,2,3,3,233,Low Value
14446.0,4,1039.58,2011-12-09 11:34:00,1,4,3,3,433,High Value
14447.0,5,1163.23,2011-11-21 08:28:00,19,3,4,3,343,High Value
14448.0,2,375.35,2011-11-30 13:50:00,9,4,2,2,422,Loyal
14449.0,4,907.1,2011-11-21 12:06:00,19,3,3,3,333,High Value
14450.0,3,483.25,2011-06-12 10:46:00,181,1,3,2,132,Low Value
14451.0,2,662.59,2011-10-10 13:38:00,60,2,2,2,222,Low Value
14452.0,2,264.44,2011-11-29 12:06:00,11,4,2,1,421,Loyal
14453.0,1,119.93,2011-06-02 14:15:00,190,1,1,1,111,Low Value
14456.0,9,3062.4,2011-12-04 13:59:00,5,4,4,4,444,High Value
14457.0,1,113.64,2011-02-02 09:39:00,311,1,1,1,111,Low Value
14459.0,1,1837.92,2011-07-07 13:35:00,155,1,1,4,114,Low Value
14460.0,3,434.34,2011-08-21 14:19:00,110,2,3,2,232,Low Value
14461.0,3,2103.06,2011-07-14 17:11:00,148,1,3,4,134,Low Value
14462.0,11,2004.02,2011-10-04 15:55:00,66,2,4,4,244,Low Value
14463.0,3,529.62,2011-09-02 15:20:00,98,2,3,2,232,Low Value
14465.0,3,1058.62,2011-04-07 12:38:00,247,1,3,3,133,Low Value
14466.0,7,2272.4,2011-11-10 14:07:00,29,3,4,4,344,High Value
14467.0,4,598.76,2011-11-22 12:48:00,18,4,3,2,432,Loyal
14470.0,2,461.19,2011-11-28 10:31:00,12,4,2,2,422,Loyal
14472.0,8,1936.84,2011-08-28 11:01:00,104,2,4,4,244,Low Value
14473.0,2,234.34,2011-09-26 15:10:00,74,2,2,1,221,Low Value
14474.0,1,547.66,2011-10-24 13:26:00,46,3,1,2,312,Low Value
14475.0,3,925.85,2011-09-29 10:46:00,72,2,3,3,233,Low Value
14476.0,1,215.7,2011-03-27 15:39:00,257,1,1,1,111,Low Value
14477.0,4,1309.6,2011-11-20 11:11:00,20,3,3,3,333,High Value
14479.0,2,316.25,2011-03-31 09:07:00,254,1,2,2,122,Low Value
14480.0,1,279.05,2011-11-28 16:35:00,11,4,1,1,411,Low Value
14481.0,2,636.51,2011-06-28 10:38:00,165,1,2,2,122,Low Value
14482.0,6,2068.15,2011-11-21 13:14:00,18,4,4,4,444,High Value
14483.0,1,137.1,2011-03-03 10:26:00,282,1,1,1,111,Low Value
14484.0,1,321.92,2011-10-20 14:11:00,50,3,1,2,312,Low Value
14485.0,1,165.75,2011-11-01 12:25:00,39,3,1,1,311,Low Value
14487.0,6,1196.33,2011-11-13 12:17:00,27,3,4,3,343,High Value
14488.0,1,1064.28,2011-10-03 09:30:00,68,2,1,3,213,Low Value
14489.0,1,463.38,2011-05-16 14:51:00,207,1,1,2,112,Low Value
14491.0,2,340.93,2011-06-17 15:22:00,175,1,2,2,122,Low Value
14493.0,5,2383.24,2011-12-02 16:14:00,7,4,4,4,444,High Value
14494.0,1,139.56,2011-11-14 09:21:00,26,3,1,1,311,Low Value
14495.0,2,123.8,2011-10-20 12:28:00,51,3,2,1,321,Loyal
14496.0,2,538.81,2011-02-01 09:01:00,312,1,2,2,122,Low Value
14497.0,1,475.37,2011-02-03 17:01:00,309,1,1,2,112,Low Value
14498.0,5,1957.32,2011-10-28 12:09:00,43,3,4,4,344,High Value
14499.0,3,815.32,2011-11-13 13:01:00,26,3,3,3,333,High Value
14500.0,3,356.85,2011-09-12 16:45:00,88,2,3,2,232,Low Value
14501.0,2,251.21,2011-06-09 12:02:00,184,1,2,1,121,Low Value
14502.0,11,2470.67,2011-11-20 11:50:00,20,3,4,4,344,High Value
14503.0,6,3543.26,2011-12-06 13:30:00,3,4,4,4,444,High Value
14504.0,4,673.26,2011-10-23 16:00:00,47,3,3,2,332,Loyal
14505.0,8,5905.64,2011-11-22 15:45:00,17,4,4,4,444,High Value
14506.0,5,2012.17,2011-11-22 13:02:00,17,4,4,4,444,High Value
14507.0,6,1383.18,2011-11-16 12:21:00,24,3,4,3,343,High Value
14508.0,2,276.42,2011-11-17 19:48:00,22,3,2,1,321,Loyal
14511.0,5,1314.81,2011-11-28 17:05:00,11,4,4,3,443,High Value
14512.0,2,275.28,2011-06-05 12:39:00,188,1,2,1,121,Low Value
14513.0,3,455.59,2011-08-31 11:25:00,101,2,3,2,232,Low Value
14514.0,3,1055.35,2011-10-09 16:05:00,61,2,3,3,233,Low Value
14515.0,6,2102.09,2011-11-22 11:37:00,18,4,4,4,444,High Value
14517.0,2,330.45,2011-11-06 14:20:00,33,3,2,2,322,Loyal
14518.0,1,174.37,2011-10-06 14:43:00,64,2,1,1,211,Low Value
14520.0,2,270.6,2011-12-08 09:46:00,2,4,2,1,421,Loyal
14522.0,4,974.54,2011-11-15 13:24:00,24,3,3,3,333,High Value
14523.0,1,241.09,2011-08-23 13:13:00,108,2,1,1,211,Low Value
14524.0,9,1867.68,2011-11-08 12:29:00,32,3,4,4,344,High Value
14525.0,9,4332.2,2011-11-20 11:37:00,20,3,4,4,344,High Value
14527.0,55,8508.82,2011-12-07 12:19:00,3,4,4,4,444,High Value
14528.0,1,364.22,2011-11-02 17:09:00,37,3,1,2,312,Low Value
14529.0,3,620.04,2011-10-10 15:27:00,60,2,3,2,232,Low Value
14530.0,6,2925.91,2011-11-14 10:38:00,26,3,4,4,344,High Value
14532.0,4,932.85,2011-04-17 13:05:00,236,1,3,3,133,Low Value
14533.0,7,1949.72,2011-11-15 12:05:00,25,3,4,4,344,High Value
14534.0,18,4447.05,2011-12-07 12:19:00,3,4,4,4,444,High Value
14535.0,3,2864.19,2011-10-10 15:39:00,60,2,3,4,234,Low Value
14536.0,1,171.8,2011-03-25 12:21:00,260,1,1,1,111,Low Value
14537.0,1,355.56,2011-10-13 10:54:00,58,2,1,2,212,Low Value
14538.0,2,388.25,2011-10-06 10:31:00,65,2,2,2,222,Low Value
14539.0,2,537.48,2011-11-24 09:50:00,16,4,2,2,422,Loyal
14540.0,3,996.26,2011-11-30 10:15:00,10,4,3,3,433,High Value
14541.0,8,1461.65,2011-10-12 10:08:00,59,2,4,3,243,Low Value
14542.0,1,103.25,2011-06-07 08:19:00,186,1,1,1,111,Low Value
14543.0,16,3630.33,2011-11-11 12:45:00,29,3,4,4,344,High Value
14544.0,2,2024.45,2011-11-15 15:06:00,24,3,2,4,324,Loyal
14546.0,5,2578.09,2011-12-04 13:00:00,5,4,4,4,444,High Value
14547.0,8,4007.54,2011-12-06 11:06:00,4,4,4,4,444,High Value
14548.0,2,652.8,2011-07-12 12:19:00,151,1,2,2,122,Low Value
14549.0,1,289.24,2011-02-01 13:47:00,311,1,1,1,111,Low Value
14550.0,2,765.62,2011-11-29 12:12:00,11,4,2,3,423,Loyal
14551.0,2,186.23,2011-11-21 13:36:00,18,4,2,1,421,Loyal
14552.0,1,165.07,2011-07-11 12:49:00,152,1,1,1,111,Low Value
14553.0,5,859.27,2011-11-20 13:20:00,19,3,4,3,343,High Value
14554.0,4,2381.04,2011-11-29 16:44:00,10,4,3,4,434,High Value
14555.0,2,324.14,2011-10-13 16:24:00,57,2,2,2,222,Low Value
14557.0,1,788.38,2011-09-15 15:48:00,85,2,1,3,213,Low Value
14560.0,22,2237.77,2011-12-02 15:22:00,7,4,4,4,444,High Value
14561.0,3,1080.76,2011-09-25 12:39:00,76,2,3,3,233,Low Value
14562.0,18,5074.77,2011-12-06 11:05:00,4,4,4,4,444,High Value
14565.0,4,3099.12,2011-09-05 09:07:00,96,2,3,4,234,Low Value
14566.0,1,1432.0,2011-08-21 11:05:00,111,2,1,3,213,Low Value
14567.0,2,1530.36,2011-10-14 10:21:00,57,2,2,3,223,Low Value
14569.0,1,227.39,2011-12-08 14:58:00,1,4,1,1,411,Low Value
14570.0,2,218.06,2011-03-04 10:58:00,281,1,2,1,121,Low Value
14572.0,7,2832.84,2011-12-06 14:40:00,3,4,4,4,444,High Value
14573.0,9,1653.42,2011-06-13 11:15:00,180,1,4,3,143,Low Value
14576.0,1,35.4,2010-12-02 17:51:00,372,1,1,1,111,Low Value
14577.0,4,859.71,2011-11-27 12:47:00,13,4,3,3,433,High Value
14578.0,1,168.63,2011-12-06 17:18:00,3,4,1,1,411,Low Value
14581.0,1,138.6,2011-11-23 12:39:00,17,4,1,1,411,Low Value
14582.0,1,114.11,2011-10-30 11:56:00,41,3,1,1,311,Low Value
14583.0,5,1052.55,2011-12-04 12:32:00,6,4,4,3,443,High Value
14584.0,4,1042.26,2011-06-23 18:33:00,169,1,3,3,133,Low Value
14585.0,1,157.05,2011-10-20 14:33:00,50,3,1,1,311,Low Value
14586.0,1,237.36,2011-03-08 10:04:00,277,1,1,1,111,Low Value
14587.0,9,1601.14,2011-11-21 11:34:00,19,3,4,3,343,High Value
14589.0,1,39.75,2010-12-03 11:42:00,372,1,1,1,111,Low Value
14591.0,4,1447.14,2011-11-24 13:57:00,15,4,3,3,433,High Value
14592.0,3,570.46,2011-11-04 16:35:00,35,3,3,2,332,Loyal
14593.0,3,617.99,2011-11-18 12:48:00,22,3,3,2,332,Loyal
14594.0,2,379.83,2011-12-02 13:28:00,7,4,2,2,422,Loyal
14595.0,6,1740.6,2011-11-20 12:12:00,20,3,4,4,344,High Value
14597.0,2,883.15,2011-11-28 13:13:00,11,4,2,3,423,Loyal
14598.0,1,221.97,2011-10-26 13:19:00,44,3,1,1,311,Low Value
14600.0,1,393.33,2011-02-07 09:48:00,306,1,1,2,112,Low Value
14601.0,1,213.96,2011-11-29 09:48:00,11,4,1,1,411,Low Value
14603.0,1,660.0,2011-03-10 10:27:00,275,1,1,2,112,Low Value
14606.0,93,12156.65,2011-12-08 19:28:00,1,4,4,4,444,High Value
14607.0,14,16569.5,2011-11-24 10:35:00,16,4,4,4,444,High Value
14608.0,4,1785.15,2011-12-05 16:52:00,4,4,3,4,434,High Value
14609.0,4,601.56,2011-09-28 12:54:00,72,2,3,2,232,Low Value
14616.0,3,406.08,2011-04-11 09:54:00,243,1,3,2,132,Low Value
14618.0,3,553.44,2011-11-30 13:45:00,9,4,3,2,432,Loyal
14619.0,1,394.44,2011-04-08 07:37:00,246,1,1,2,112,Low Value
14620.0,2,412.78,2011-05-18 11:58:00,206,1,2,2,122,Low Value
14621.0,5,1788.36,2011-12-08 16:22:00,1,4,4,4,444,High Value
14622.0,1,320.58,2011-06-08 12:42:00,185,1,1,2,112,Low Value
14623.0,5,889.25,2011-11-07 13:56:00,32,3,4,3,343,High Value
14624.0,2,225.85,2011-10-13 13:44:00,57,2,2,1,221,Low Value
14625.0,2,899.63,2011-05-27 15:32:00,196,1,2,3,123,Low Value
14626.0,4,2791.27,2011-11-16 10:37:00,24,3,3,4,334,High Value
14628.0,2,671.96,2011-09-09 14:58:00,91,2,2,2,222,Low Value
14629.0,2,959.01,2011-12-05 16:55:00,4,4,2,3,423,Loyal
14631.0,3,1006.98,2011-10-20 11:17:00,51,3,3,3,333,High Value
14632.0,1,114.56,2011-03-22 08:49:00,263,1,1,1,111,Low Value
14633.0,1,344.9,2011-03-18 17:07:00,266,1,1,2,112,Low Value
14636.0,2,609.85,2011-11-03 16:12:00,36,3,2,2,322,Loyal
14638.0,1,443.6,2011-10-20 10:10:00,51,3,1,2,312,Low Value
14639.0,6,2984.49,2011-10-18 15:06:00,52,2,4,4,244,Low Value
14640.0,6,2125.08,2011-11-15 13:07:00,24,3,4,4,344,High Value
14641.0,1,110.46,2011-11-18 10:42:00,22,3,1,1,311,Low Value
14642.0,1,96.12,2011-10-12 11:08:00,59,2,1,1,211,Low Value
14643.0,2,693.81,2011-06-22 14:41:00,170,1,2,3,123,Low Value
14644.0,2,830.76,2011-10-03 08:30:00,68,2,2,3,223,Low Value
14645.0,2,597.09,2011-07-06 09:15:00,157,1,2,2,122,Low Value
14646.0,74,280206.02,2011-12-08 12:12:00,2,4,4,4,444,High Value
14647.0,1,243.22,2011-05-22 13:40:00,201,1,1,1,111,Low Value
14649.0,4,1417.29,2011-12-05 12:30:00,5,4,3,3,433,High Value
14651.0,2,654.6,2011-10-03 15:52:00,67,2,2,2,222,Low Value
14652.0,1,114.18,2011-09-23 14:21:00,77,2,1,1,211,Low Value
14653.0,7,1947.55,2011-12-08 13:45:00,1,4,4,4,444,High Value
14655.0,4,1932.23,2011-12-01 16:28:00,8,4,3,4,434,High Value
14656.0,2,291.05,2011-06-23 13:51:00,169,1,2,1,121,Low Value
14657.0,4,848.22,2011-11-22 12:47:00,18,4,3,3,433,High Value
14658.0,2,247.15,2011-12-04 15:35:00,5,4,2,1,421,Loyal
14659.0,9,2529.93,2011-12-01 12:17:00,9,4,4,4,444,High Value
14660.0,2,285.74,2011-09-14 11:34:00,87,2,2,1,221,Low Value
14661.0,1,107.95,2011-11-13 11:51:00,27,3,1,1,311,Low Value
14662.0,4,771.17,2011-11-11 12:13:00,29,3,3,3,333,High Value
14664.0,2,637.89,2011-11-20 10:59:00,20,3,2,2,322,Loyal
14665.0,5,1835.7,2011-10-10 09:14:00,61,2,4,4,244,Low Value
14666.0,1,195.25,2011-11-15 12:57:00,24,3,1,1,311,Low Value
14667.0,25,9241.2,2011-11-29 11:30:00,11,4,4,4,444,High Value
14669.0,3,1269.99,2011-04-12 11:43:00,242,1,3,3,133,Low Value
14670.0,2,411.53,2011-03-04 14:13:00,280,1,2,2,122,Low Value
14672.0,2,765.55,2011-04-19 10:19:00,235,1,2,3,123,Low Value
14673.0,5,1736.4,2011-12-06 14:31:00,3,4,4,4,444,High Value
14675.0,1,604.75,2011-11-23 12:58:00,16,4,1,2,412,Low Value
14676.0,6,2548.24,2011-11-08 13:29:00,31,3,4,4,344,High Value
14680.0,16,28754.11,2011-11-14 16:59:00,25,3,4,4,344,High Value
14681.0,3,498.95,2011-09-29 15:52:00,71,2,3,2,232,Low Value
14682.0,2,52.0,2011-06-05 12:12:00,188,1,2,1,121,Low Value
14684.0,5,1236.28,2011-11-14 11:33:00,26,3,4,3,343,High Value
14687.0,1,628.38,2011-08-25 11:59:00,107,2,1,2,212,Low Value
14688.0,21,5630.87,2011-12-02 12:26:00,8,4,4,4,444,High Value
14689.0,1,112.8,2011-05-15 11:22:00,209,1,1,1,111,Low Value
14690.0,2,371.7,2011-10-26 15:39:00,44,3,2,2,322,Loyal
14691.0,5,2114.33,2011-11-09 12:30:00,31,3,4,4,344,High Value
14692.0,4,591.55,2011-07-25 15:08:00,137,2,3,2,232,Low Value
14693.0,1,172.9,2011-03-20 12:50:00,265,1,1,1,111,Low Value
14696.0,7,2078.95,2011-12-05 13:43:00,4,4,4,4,444,High Value
14697.0,2,188.61,2011-05-05 15:39:00,218,1,2,1,121,Low Value
14698.0,5,1250.76,2011-12-08 12:26:00,2,4,4,3,443,High Value
14699.0,1,109.13,2011-05-09 14:54:00,214,1,1,1,111,Low Value
14700.0,3,2235.3,2011-11-07 14:40:00,32,3,3,4,334,High Value
14701.0,9,2549.37,2011-11-29 12:38:00,11,4,4,4,444,High Value
14702.0,17,3292.14,2011-12-08 19:29:00,1,4,4,4,444,High Value
14703.0,1,318.17,2011-11-25 09:23:00,15,4,1,2,412,Low Value
14704.0,9,1546.91,2011-11-28 12:51:00,11,4,4,3,443,High Value
14705.0,1,179.0,2011-05-25 12:39:00,199,1,1,1,111,Low Value
14708.0,3,1126.37,2011-12-07 08:21:00,3,4,3,3,433,High Value
14709.0,13,4921.04,2011-11-24 15:41:00,15,4,4,4,444,High Value
14710.0,4,606.13,2011-11-25 14:53:00,14,4,3,2,432,Loyal
14711.0,11,2868.8,2011-11-29 14:58:00,10,4,4,4,444,High Value
14712.0,3,917.07,2011-11-10 12:59:00,29,3,3,3,333,High Value
14713.0,11,2666.36,2011-11-30 16:26:00,9,4,4,4,444,High Value
14714.0,1,160.19,2011-11-15 13:07:00,24,3,1,1,311,Low Value
14715.0,4,867.38,2011-11-15 12:10:00,25,3,3,3,333,High Value
14716.0,2,329.68,2011-10-27 17:29:00,43,3,2,2,322,Loyal
14719.0,5,1602.13,2011-12-08 12:43:00,2,4,4,3,443,High Value
14720.0,3,663.81,2011-12-04 12:02:00,6,4,3,2,432,Loyal
14722.0,1,187.92,2011-07-15 14:58:00,147,1,1,1,111,Low Value
14723.0,6,1158.3,2011-11-29 15:23:00,10,4,4,3,443,High Value
14725.0,1,718.08,2011-11-15 12:42:00,25,3,1,3,313,Low Value
14727.0,1,268.58,2011-03-10 14:45:00,274,1,1,1,111,Low Value
14729.0,1,313.49,2010-12-01 12:43:00,374,1,1,2,112,Low Value
14730.0,8,2005.06,2011-12-08 14:39:00,1,4,4,4,444,High Value
14731.0,3,380.02,2011-10-23 15:54:00,47,3,3,2,332,Loyal
14732.0,8,2702.49,2011-12-01 14:34:00,8,4,4,4,444,High Value
14733.0,12,9585.91,2011-11-23 15:39:00,16,4,4,4,444,High Value
14735.0,32,6065.69,2011-12-06 12:09:00,4,4,4,4,444,High Value
14737.0,3,1164.55,2011-12-06 10:16:00,4,4,3,3,433,High Value
14738.0,7,1314.45,2011-10-28 08:56:00,43,3,4,3,343,High Value
14739.0,7,3902.28,2011-12-05 16:54:00,4,4,4,4,444,High Value
14740.0,3,1448.21,2011-05-26 18:17:00,197,1,3,3,133,Low Value
14741.0,6,1400.34,2011-11-28 08:48:00,12,4,4,3,443,High Value
14744.0,7,1099.98,2011-11-23 12:51:00,16,4,4,3,443,High Value
14745.0,5,1220.26,2011-08-19 10:05:00,113,2,4,3,243,Low Value
14747.0,1,328.2,2011-04-04 14:09:00,249,1,1,2,112,Low Value
14748.0,5,1415.75,2011-11-10 18:33:00,29,3,4,3,343,High Value
14752.0,1,389.64,2011-10-27 11:55:00,44,3,1,2,312,Low Value
14753.0,1,563.15,2011-09-13 14:50:00,87,2,1,2,212,Low Value
14754.0,2,638.05,2011-10-26 12:01:00,45,3,2,2,322,Loyal
14755.0,11,5010.28,2011-11-30 11:24:00,10,4,4,4,444,High Value
14756.0,1,738.96,2011-11-24 18:13:00,15,4,1,3,413,Low Value
14757.0,1,420.5,2011-09-25 14:36:00,75,2,1,2,212,Low Value
14758.0,4,1484.06,2011-07-18 08:21:00,145,1,3,3,133,Low Value
14759.0,3,1625.97,2011-12-05 12:03:00,5,4,3,3,433,High Value
14760.0,1,89.2,2011-02-15 16:27:00,297,1,1,1,111,Low Value
14761.0,2,255.9,2011-10-12 12:10:00,59,2,2,1,221,Low Value
14762.0,1,300.52,2011-03-21 08:20:00,264,1,1,1,111,Low Value
14764.0,1,278.3,2011-10-24 11:54:00,47,3,1,1,311,Low Value
14765.0,3,254.11,2011-11-10 19:53:00,29,3,3,1,331,Loyal
14766.0,6,2473.37,2011-12-01 16:05:00,8,4,4,4,444,High Value
14768.0,2,192.6,2011-11-22 12:54:00,17,4,2,1,421,Loyal
14769.0,8,10674.75,2011-12-07 10:24:00,3,4,4,4,444,High Value
14770.0,2,876.42,2011-04-21 14:21:00,232,1,2,3,123,Low Value
14772.0,1,139.26,2011-08-19 15:04:00,112,2,1,1,211,Low Value
14775.0,3,1011.9,2011-10-12 15:27:00,58,2,3,3,233,Low Value
14776.0,11,2538.3,2011-10-19 15:34:00,51,3,4,4,344,High Value
14778.0,2,730.86,2011-08-04 15:23:00,127,2,2,3,223,Low Value
14779.0,3,386.15,2011-03-04 12:42:00,281,1,3,2,132,Low Value
14780.0,2,447.68,2011-10-16 12:46:00,55,2,2,2,222,Low Value
14782.0,1,200.1,2011-01-24 11:12:00,320,1,1,1,111,Low Value
14784.0,2,289.99,2011-11-13 13:30:00,26,3,2,1,321,Loyal
14785.0,2,77.4,2011-11-29 13:21:00,10,4,2,1,421,Loyal
14788.0,2,679.44,2011-12-02 17:06:00,7,4,2,3,423,Loyal
14789.0,1,197.64,2011-11-11 08:59:00,29,3,1,1,311,Low Value
14790.0,4,745.06,2011-11-23 09:28:00,17,4,3,3,433,High Value
14792.0,1,6.2,2011-10-07 09:19:00,64,2,1,1,211,Low Value
14793.0,1,228.99,2011-11-18 14:50:00,21,3,1,1,311,Low Value
14794.0,7,1319.91,2011-12-07 10:11:00,3,4,4,3,443,High Value
14795.0,1,131.45,2011-06-26 13:04:00,166,1,1,1,111,Low Value
14796.0,17,8022.49,2011-12-08 15:31:00,1,4,4,4,444,High Value
14798.0,3,173.74,2011-10-18 10:58:00,53,2,3,1,231,Low Value
14799.0,1,157.7,2011-10-19 16:16:00,51,3,1,1,311,Low Value
14800.0,12,4339.74,2011-10-23 12:46:00,48,3,4,4,344,High Value
14801.0,1,193.14,2011-10-09 15:24:00,61,2,1,1,211,Low Value
14803.0,3,845.55,2011-06-30 13:58:00,162,1,3,3,133,Low Value
14804.0,1,353.27,2011-12-01 11:20:00,9,4,1,2,412,Low Value
14805.0,4,554.65,2011-11-24 16:20:00,15,4,3,2,432,Loyal
14806.0,1,193.39,2011-09-25 15:32:00,75,2,1,1,211,Low Value
14808.0,8,2741.17,2011-10-31 12:21:00,40,3,4,4,344,High Value
14810.0,11,2087.88,2011-10-30 11:19:00,41,3,4,4,344,High Value
14813.0,2,155.43,2010-12-05 11:57:00,370,1,2,1,121,Low Value
14815.0,2,778.5,2011-11-03 11:36:00,37,3,2,3,323,Loyal
14816.0,1,271.85,2011-05-26 13:16:00,197,1,1,1,111,Low Value
14817.0,2,1110.34,2011-05-23 13:35:00,200,1,2,3,123,Low Value
14818.0,3,657.8,2011-09-27 11:01:00,74,2,3,2,232,Low Value
14819.0,2,272.07,2011-10-06 13:41:00,64,2,2,1,221,Low Value
14820.0,4,507.29,2011-11-18 15:41:00,21,3,3,2,332,Loyal
14821.0,1,48.8,2010-12-08 08:43:00,367,1,1,1,111,Low Value
14823.0,3,321.43,2011-06-12 13:12:00,180,1,3,2,132,Low Value
14824.0,4,1127.71,2011-11-29 14:20:00,10,4,3,3,433,High Value
14825.0,12,2226.91,2011-12-06 11:38:00,4,4,4,4,444,High Value
14828.0,3,2139.76,2011-05-27 10:16:00,197,1,3,4,134,Low Value
14829.0,4,697.55,2011-11-10 16:16:00,29,3,3,3,333,High Value
14830.0,1,197.13,2011-10-17 14:29:00,53,2,1,1,211,Low Value
14834.0,6,1720.3,2011-11-22 10:30:00,18,4,4,4,444,High Value
14836.0,3,102.45,2011-11-29 16:45:00,10,4,3,1,431,Loyal
14837.0,4,1649.5,2011-09-11 10:58:00,90,2,3,3,233,Low Value
14840.0,1,62.85,2011-03-17 12:00:00,268,1,1,1,111,Low Value
14841.0,6,3295.76,2011-10-17 15:03:00,53,2,4,4,244,Low Value
14842.0,4,2824.69,2011-10-27 12:37:00,44,3,3,4,334,High Value
14844.0,4,3189.81,2011-10-07 10:41:00,64,2,3,4,234,Low Value
14847.0,1,309.4,2011-07-14 10:52:00,149,1,1,2,112,Low Value
14849.0,25,7930.54,2011-11-18 10:58:00,22,3,4,4,344,High Value
14850.0,1,325.75,2011-02-01 11:21:00,312,1,1,2,112,Low Value
14851.0,2,511.35,2011-11-16 14:20:00,23,3,2,2,322,Loyal
14852.0,6,2836.69,2011-10-12 13:20:00,58,2,4,4,244,Low Value
14853.0,2,475.8,2011-11-15 16:56:00,24,3,2,2,322,Loyal
14854.0,7,2759.83,2011-09-22 17:00:00,78,2,4,4,244,Low Value
14855.0,2,645.65,2011-08-12 14:02:00,119,2,2,2,222,Low Value
14856.0,3,1311.38,2011-11-03 14:53:00,36,3,3,3,333,High Value
14857.0,2,1173.12,2011-10-11 09:23:00,60,2,2,3,223,Low Value
14859.0,4,1353.74,2011-11-27 11:18:00,13,4,3,3,433,High Value
14860.0,1,170.32,2011-11-20 14:17:00,19,3,1,1,311,Low Value
14861.0,1,125.79,2011-10-18 12:54:00,52,2,1,1,211,Low Value
14862.0,2,841.2,2011-11-14 10:01:00,26,3,2,3,323,Loyal
14863.0,1,266.76,2011-11-10 15:04:00,29,3,1,1,311,Low Value
14865.0,2,52.2,2011-12-02 16:25:00,7,4,2,1,421,Loyal
14866.0,12,14389.9,2011-11-29 11:45:00,11,4,4,4,444,High Value
14867.0,3,710.28,2011-06-07 11:39:00,186,1,3,3,133,Low Value
14868.0,8,2953.59,2011-12-06 14:49:00,3,4,4,4,444,High Value
14869.0,2,725.7,2011-12-01 12:36:00,9,4,2,3,423,Loyal
14870.0,1,327.25,2011-03-23 10:51:00,262,1,1,2,112,Low Value
14871.0,4,522.38,2011-12-06 13:42:00,3,4,3,2,432,Loyal
14873.0,1,519.68,2011-05-13 13:52:00,210,1,1,2,112,Low Value
14875.0,2,1465.32,2011-08-24 12:20:00,108,2,2,3,223,Low Value
14878.0,9,1485.54,2011-11-27 11:15:00,13,4,4,3,443,High Value
14880.0,3,706.19,2011-09-23 13:42:00,77,2,3,3,233,Low Value
14881.0,1,255.4,2011-11-20 11:06:00,20,3,1,1,311,Low Value
14882.0,2,589.7,2011-11-13 12:47:00,27,3,2,2,322,Loyal
14883.0,6,761.59,2011-11-21 10:23:00,19,3,4,3,343,High Value
14885.0,1,765.32,2011-07-31 12:05:00,132,2,1,3,213,Low Value
14886.0,1,364.8,2011-04-01 08:56:00,253,1,1,2,112,Low Value
14887.0,1,1862.0,2011-09-21 15:32:00,79,2,1,4,214,Low Value
14888.0,1,369.2,2011-05-16 14:58:00,207,1,1,2,112,Low Value
14889.0,1,135.9,2011-01-07 15:19:00,336,1,1,1,111,Low Value
14890.0,1,125.65,2011-03-31 11:57:00,254,1,1,1,111,Low Value
14891.0,2,554.38,2011-07-14 18:08:00,148,1,2,2,122,Low Value
14893.0,2,1237.85,2011-11-30 12:31:00,10,4,2,3,423,Loyal
14894.0,1,655.75,2011-09-15 13:51:00,85,2,1,2,212,Low Value
14895.0,20,11138.71,2011-12-02 09:23:00,8,4,4,4,444,High Value
14896.0,2,468.77,2011-05-19 10:20:00,205,1,2,2,122,Low Value
14897.0,4,1366.38,2011-12-02 10:32:00,8,4,3,3,433,High Value
14898.0,6,1303.52,2011-11-16 14:54:00,23,3,4,3,343,High Value
14901.0,9,1421.29,2011-11-28 17:09:00,11,4,4,3,443,High Value
14902.0,1,332.66,2011-11-14 10:34:00,26,3,1,2,312,Low Value
14903.0,5,2810.63,2011-11-18 16:07:00,21,3,4,4,344,High Value
14904.0,2,1025.44,2011-12-07 12:55:00,2,4,2,3,423,Loyal
14905.0,2,616.15,2011-07-05 12:41:00,158,1,2,2,122,Low Value
14907.0,7,3501.1,2011-12-06 14:14:00,3,4,4,4,444,High Value
14908.0,1,277.8,2011-09-26 12:56:00,74,2,1,1,211,Low Value
14910.0,4,434.35,2011-12-07 10:06:00,3,4,3,2,432,Loyal
14911.0,201,143825.06,2011-12-08 15:54:00,1,4,4,4,444,High Value
14912.0,2,867.85,2011-11-23 09:20:00,17,4,2,3,423,Loyal
14913.0,4,1227.43,2011-11-04 08:29:00,36,3,3,3,333,High Value
14915.0,2,307.48,2011-09-09 13:34:00,91,2,2,2,222,Low Value
14916.0,4,1268.98,2011-09-30 09:20:00,71,2,3,3,233,Low Value
14918.0,2,1610.15,2011-08-16 11:50:00,116,2,2,3,223,Low Value
14920.0,2,977.77,2011-05-11 10:32:00,213,1,2,3,123,Low Value
14921.0,2,1316.07,2011-11-09 13:17:00,30,3,2,3,323,Loyal
14923.0,1,749.1,2011-10-20 11:51:00,51,3,1,3,313,Low Value
14924.0,1,310.05,2011-04-08 09:25:00,246,1,1,2,112,Low Value
14929.0,1,223.88,2011-11-07 17:21:00,32,3,1,1,311,Low Value
14930.0,3,2372.86,2011-08-23 10:31:00,109,2,3,4,234,Low Value
14931.0,5,1257.68,2011-12-05 10:19:00,5,4,4,3,443,High Value
14932.0,1,363.53,2010-12-09 11:48:00,366,1,1,2,112,Low Value
14934.0,2,1890.94,2011-09-19 10:10:00,82,2,2,4,224,Low Value
14935.0,1,1784.71,2011-02-15 14:44:00,297,1,1,4,114,Low Value
14936.0,8,8137.02,2011-11-06 10:30:00,34,3,4,4,344,High Value
14937.0,3,1621.88,2011-10-14 12:29:00,57,2,3,3,233,Low Value
14944.0,12,5900.25,2011-11-10 09:10:00,30,3,4,4,344,High Value
14946.0,1,100.9,2011-11-25 13:33:00,14,4,1,1,411,Low Value
14947.0,2,290.82,2011-09-28 15:48:00,72,2,2,1,221,Low Value
14948.0,6,1101.97,2011-11-16 17:16:00,23,3,4,3,343,High Value
14950.0,1,371.2,2011-11-20 13:48:00,19,3,1,2,312,Low Value
14951.0,1,311.69,2011-09-21 15:15:00,79,2,1,2,212,Low Value
14952.0,11,8099.49,2011-10-11 10:33:00,60,2,4,4,244,Low Value
14953.0,1,289.82,2011-11-14 14:59:00,25,3,1,1,311,Low Value
14954.0,1,336.17,2011-11-27 14:30:00,12,4,1,2,412,Low Value
14957.0,1,58.49,2011-03-31 17:59:00,253,1,1,1,111,Low Value
14958.0,3,499.68,2011-07-15 14:20:00,147,1,3,2,132,Low Value
14959.0,4,695.42,2011-10-06 18:23:00,64,2,3,3,233,Low Value
14960.0,2,221.27,2011-12-01 12:54:00,8,4,2,1,421,Loyal
14961.0,9,7044.68,2011-11-29 09:42:00,11,4,4,4,444,High Value
14962.0,1,126.7,2011-03-14 09:42:00,271,1,1,1,111,Low Value
14963.0,5,1487.8,2011-11-30 12:16:00,10,4,4,3,443,High Value
14964.0,1,206.21,2011-04-06 14:13:00,247,1,1,1,111,Low Value
14965.0,2,599.0,2011-09-04 13:20:00,96,2,2,2,222,Low Value
14966.0,1,191.32,2011-11-25 12:20:00,15,4,1,1,411,Low Value
14967.0,1,463.8,2011-10-21 11:06:00,50,3,1,2,312,Low Value
14968.0,1,147.59,2011-11-09 13:58:00,30,3,1,1,311,Low Value
14970.0,4,1592.06,2011-10-02 13:44:00,68,2,3,3,233,Low Value
14971.0,3,1116.57,2011-11-04 17:07:00,35,3,3,3,333,High Value
14972.0,1,114.77,2011-08-03 14:54:00,128,2,1,1,211,Low Value
14973.0,3,1314.45,2011-08-24 15:51:00,107,2,3,3,233,Low Value
14974.0,1,114.39,2011-11-02 13:01:00,37,3,1,1,311,Low Value
14975.0,1,279.94,2011-10-13 14:08:00,57,2,1,1,211,Low Value
14976.0,7,790.86,2011-10-13 16:37:00,57,2,4,3,243,Low Value
14978.0,5,1931.42,2011-09-28 13:07:00,72,2,4,4,244,Low Value
14981.0,1,102.12,2011-04-07 13:45:00,246,1,1,1,111,Low Value
14984.0,2,213.27,2011-11-20 14:28:00,19,3,2,1,321,Loyal
14985.0,2,296.75,2011-05-25 14:29:00,198,1,2,1,121,Low Value
14987.0,2,326.4,2011-11-24 09:59:00,16,4,2,2,422,Loyal
14988.0,1,334.54,2011-05-12 12:05:00,212,1,1,2,112,Low Value
14995.0,2,233.23,2011-11-01 11:39:00,39,3,2,1,321,Loyal
14997.0,3,546.2,2011-10-24 13:28:00,46,3,3,2,332,Loyal
14998.0,2,429.87,2011-06-22 17:30:00,170,1,2,2,122,Low Value
15000.0,1,490.52,2011-10-23 11:42:00,48,3,1,2,312,Low Value
15002.0,4,1641.76,2011-08-16 10:44:00,116,2,3,3,233,Low Value
15004.0,1,1246.32,2011-07-15 14:05:00,147,1,1,3,113,Low Value
15005.0,28,6316.57,2011-11-24 12:25:00,16,4,4,4,444,High Value
15006.0,1,502.09,2011-10-19 15:08:00,51,3,1,2,312,Low Value
15007.0,1,156.91,2011-07-03 16:00:00,159,1,1,1,111,Low Value
15009.0,3,1261.78,2011-11-27 13:35:00,12,4,3,3,433,High Value
15010.0,1,308.94,2011-11-04 12:42:00,36,3,1,2,312,Low Value
15012.0,2,423.04,2011-10-17 12:22:00,54,2,2,2,222,Low Value
15014.0,2,260.17,2011-10-27 20:07:00,43,3,2,1,321,Loyal
15016.0,1,170.04,2011-06-20 12:06:00,173,1,1,1,111,Low Value
15017.0,1,125.58,2011-11-06 10:33:00,34,3,1,1,311,Low Value
15018.0,3,496.21,2011-11-01 12:47:00,39,3,3,2,332,Loyal
15019.0,1,266.0,2011-03-18 12:35:00,267,1,1,1,111,Low Value
15021.0,9,1914.82,2011-12-01 11:53:00,9,4,4,4,444,High Value
15022.0,4,905.04,2011-11-28 12:35:00,12,4,3,3,433,High Value
15023.0,11,6802.76,2011-12-06 17:23:00,3,4,4,4,444,High Value
15024.0,10,1661.33,2011-11-30 12:06:00,10,4,4,3,443,High Value
15025.0,1,377.01,2011-11-06 15:20:00,33,3,1,2,312,Low Value
15026.0,3,469.0,2011-09-20 13:52:00,80,2,3,2,232,Low Value
15027.0,4,1066.15,2011-11-09 10:16:00,31,3,3,3,333,High Value
15028.0,4,627.13,2011-12-01 14:06:00,8,4,3,2,432,Loyal
15030.0,2,518.28,2011-09-29 10:50:00,72,2,2,2,222,Low Value
15031.0,4,668.14,2011-12-05 14:19:00,4,4,3,2,432,Loyal
15032.0,3,4959.1,2011-03-28 15:03:00,256,1,3,4,134,Low Value
15033.0,10,2586.67,2011-12-05 12:40:00,5,4,4,4,444,High Value
15034.0,8,4308.61,2011-11-24 12:11:00,16,4,4,4,444,High Value
15035.0,1,252.73,2011-09-11 11:08:00,90,2,1,1,211,Low Value
15036.0,3,465.55,2011-09-28 15:42:00,72,2,3,2,232,Low Value
15038.0,6,705.49,2011-10-12 11:33:00,59,2,4,3,243,Low Value
15039.0,47,19914.44,2011-11-30 11:31:00,10,4,4,4,444,High Value
15041.0,1,180.35,2011-06-22 16:16:00,170,1,1,1,111,Low Value
15042.0,1,135.93,2011-05-24 16:25:00,199,1,1,1,111,Low Value
15043.0,1,537.0,2011-11-08 14:26:00,31,3,1,2,312,Low Value
15044.0,17,7700.23,2011-11-20 13:20:00,19,3,4,4,344,High Value
15045.0,2,735.66,2011-07-11 11:33:00,152,1,2,3,123,Low Value
15046.0,15,5213.77,2011-11-30 15:50:00,9,4,4,4,444,High Value
15047.0,1,343.62,2011-03-15 10:49:00,270,1,1,2,112,Low Value
15048.0,4,384.05,2011-10-05 14:55:00,65,2,3,2,232,Low Value
15049.0,1,121.17,2011-03-11 12:13:00,274,1,1,1,111,Low Value
15050.0,3,1782.09,2011-11-14 16:17:00,25,3,3,4,334,High Value
15051.0,3,1391.61,2011-11-16 15:38:00,23,3,3,3,333,High Value
15052.0,1,215.78,2011-01-24 15:52:00,319,1,1,1,111,Low Value
15053.0,3,697.79,2011-12-05 12:08:00,5,4,3,3,433,High Value
15054.0,2,302.1,2011-11-27 15:02:00,12,4,2,1,421,Loyal
15057.0,2,1489.5,2011-03-09 15:17:00,275,1,2,3,123,Low Value
15058.0,11,2124.99,2011-11-14 14:57:00,25,3,4,4,344,High Value
15059.0,9,1337.72,2011-10-30 11:35:00,41,3,4,3,343,High Value
15060.0,4,303.09,2011-12-01 13:47:00,8,4,3,1,431,Loyal
15061.0,48,54534.14,2011-12-06 12:06:00,4,4,4,4,444,High Value
15062.0,4,987.86,2011-09-29 16:51:00,71,2,3,3,233,Low Value
15063.0,1,370.8,2011-05-10 13:25:00,213,1,1,2,112,Low Value
15065.0,4,3158.13,2011-11-02 09:45:00,38,3,3,4,334,High Value
15066.0,1,893.59,2011-10-17 13:25:00,53,2,1,3,213,Low Value
15067.0,3,1744.76,2011-09-22 13:20:00,78,2,3,4,234,Low Value
15068.0,2,553.36,2011-10-24 14:47:00,46,3,2,2,322,Loyal
15069.0,1,1109.53,2011-06-13 14:16:00,179,1,1,3,113,Low Value
15070.0,1,106.2,2010-12-02 11:23:00,373,1,1,1,111,Low Value
15071.0,2,982.07,2011-09-07 11:43:00,94,2,2,3,223,Low Value
15073.0,3,1043.41,2011-11-30 10:44:00,10,4,3,3,433,High Value
15074.0,1,748.87,2011-08-26 14:45:00,105,2,1,3,213,Low Value
15075.0,1,773.03,2011-09-23 12:27:00,78,2,1,3,213,Low Value
15076.0,1,880.85,2011-06-20 08:23:00,173,1,1,3,113,Low Value
15078.0,32,9743.11,2011-12-02 15:41:00,7,4,4,4,444,High Value
15079.0,4,895.61,2011-05-11 12:45:00,213,1,3,3,133,Low Value
15081.0,5,504.8,2011-11-17 17:08:00,22,3,4,2,342,Loyal
15083.0,1,88.2,2011-03-28 12:18:00,257,1,1,1,111,Low Value
15087.0,1,306.94,2011-03-03 10:34:00,282,1,1,1,111,Low Value
15088.0,2,1160.07,2011-11-18 13:14:00,21,3,2,3,323,Loyal
15089.0,6,2420.84,2011-11-29 16:31:00,10,4,4,4,444,High Value
15090.0,1,381.32,2011-02-04 14:03:00,308,1,1,2,112,Low Value
15091.0,1,480.71,2011-10-03 12:47:00,68,2,1,2,212,Low Value
15092.0,2,457.81,2011-05-08 14:10:00,215,1,2,2,122,Low Value
15093.0,6,4597.02,2011-11-21 13:09:00,18,4,4,4,444,High Value
15095.0,4,1370.6,2011-08-28 12:01:00,104,2,3,3,233,Low Value
15096.0,1,219.39,2011-10-28 10:27:00,43,3,1,1,311,Low Value
15097.0,1,248.08,2011-12-05 14:03:00,4,4,1,1,411,Low Value
15098.0,3,39916.5,2011-06-10 15:33:00,182,1,3,4,134,Low Value
15099.0,1,410.48,2011-09-16 13:13:00,84,2,1,2,212,Low Value
15100.0,3,876.0,2011-01-10 10:35:00,334,1,3,3,133,Low Value
15101.0,2,317.53,2011-12-01 10:18:00,9,4,2,2,422,Loyal
15103.0,2,703.36,2011-11-08 14:53:00,31,3,2,3,323,Loyal
15104.0,2,1027.44,2011-05-27 12:29:00,197,1,2,3,123,Low Value
15105.0,7,2298.93,2011-11-21 16:54:00,18,4,4,4,444,High Value
15106.0,5,1422.52,2011-11-22 09:16:00,18,4,4,3,443,High Value
15107.0,6,319.5,2011-02-01 14:46:00,311,1,4,2,142,Low Value
15108.0,4,1300.25,2011-07-21 10:24:00,142,2,3,3,233,Low Value
15109.0,1,484.95,2011-04-08 09:58:00,246,1,1,2,112,Low Value
15110.0,4,996.1,2011-11-16 11:16:00,24,3,3,3,333,High Value
15111.0,3,1567.48,2011-11-10 16:58:00,29,3,3,3,333,High Value
15113.0,3,3609.33,2011-11-30 08:23:00,10,4,3,4,434,High Value
15114.0,10,2760.56,2011-11-09 15:05:00,30,3,4,4,344,High Value
15115.0,1,340.11,2011-11-21 14:59:00,18,4,1,2,412,Low Value
15116.0,4,1352.75,2011-11-22 12:25:00,18,4,3,3,433,High Value
15117.0,5,1551.78,2011-11-25 08:12:00,15,4,4,3,443,High Value
15118.0,1,244.8,2011-07-28 14:54:00,134,2,1,1,211,Low Value
15119.0,1,266.4,2011-04-08 09:08:00,246,1,1,1,111,Low Value
15120.0,1,358.82,2011-07-29 09:48:00,134,2,1,2,212,Low Value
15121.0,2,457.72,2011-10-20 14:51:00,50,3,2,2,322,Loyal
15122.0,3,1633.78,2011-08-17 16:48:00,114,2,3,3,233,Low Value
15123.0,2,2199.31,2011-12-02 13:12:00,7,4,2,4,424,Loyal
15124.0,2,184.19,2011-11-17 10:09:00,23,3,2,1,321,Loyal
15125.0,15,11528.48,2011-11-14 13:57:00,25,3,4,4,344,High Value
15127.0,1,406.53,2011-10-05 10:30:00,66,2,1,2,212,Low Value
15128.0,4,1471.0,2011-10-10 13:54:00,60,2,3,3,233,Low Value
15129.0,11,3447.4,2011-10-20 14:40:00,50,3,4,4,344,High Value
15130.0,1,330.11,2011-06-23 10:15:00,170,1,1,2,112,Low Value
15132.0,5,977.93,2011-11-21 17:10:00,18,4,4,3,443,High Value
15133.0,3,982.42,2011-08-04 10:44:00,128,2,3,3,233,Low Value
15134.0,8,1387.99,2011-11-25 08:55:00,15,4,4,3,443,High Value
15135.0,1,139.05,2011-04-14 19:16:00,239,1,1,1,111,Low Value
15136.0,4,1286.7,2011-12-07 12:26:00,3,4,3,3,433,High Value
15139.0,2,178.96,2011-04-14 11:39:00,240,1,2,1,121,Low Value
15140.0,7,2354.25,2011-10-18 14:07:00,52,2,4,4,244,Low Value
15142.0,1,498.74,2011-10-24 12:51:00,46,3,1,2,312,Low Value
15143.0,1,259.45,2011-04-28 12:03:00,226,1,1,1,111,Low Value
15144.0,17,6580.44,2011-12-01 15:12:00,8,4,4,4,444,High Value
15145.0,4,1194.73,2011-12-05 17:21:00,4,4,3,3,433,High Value
15146.0,2,1327.16,2011-06-28 12:09:00,165,1,2,3,123,Low Value
15147.0,1,623.5,2011-04-13 15:57:00,240,1,1,2,112,Low Value
15148.0,1,301.29,2011-11-29 08:21:00,11,4,1,1,411,Low Value
15149.0,1,520.8,2011-07-29 10:58:00,134,2,1,2,212,Low Value
15150.0,10,5314.47,2011-11-22 12:52:00,17,4,4,4,444,High Value
15152.0,13,4745.69,2011-11-30 12:32:00,10,4,4,4,444,High Value
15153.0,1,329.25,2011-11-08 17:09:00,31,3,1,2,312,Low Value
15154.0,1,296.42,2011-09-25 16:05:00,75,2,1,1,211,Low Value
15156.0,3,961.49,2011-12-08 18:22:00,1,4,3,3,433,High Value
15157.0,3,1936.07,2011-12-06 11:28:00,4,4,3,4,434,High Value
15158.0,1,401.4,2011-10-25 13:53:00,45,3,1,2,312,Low Value
15159.0,30,18641.01,2011-12-08 12:05:00,2,4,4,4,444,High Value
15160.0,1,158.16,2010-12-17 14:15:00,357,1,1,1,111,Low Value
15163.0,2,304.47,2011-11-21 13:10:00,18,4,2,1,421,Loyal
15164.0,3,843.05,2011-10-02 12:05:00,69,2,3,3,233,Low Value
15165.0,1,487.75,2010-12-01 14:03:00,373,1,1,2,112,Low Value
15167.0,1,163.0,2011-01-23 12:41:00,321,1,1,1,111,Low Value
15168.0,1,106.56,2011-11-14 11:26:00,26,3,1,1,311,Low Value
15171.0,1,1289.5,2011-01-12 15:36:00,331,1,1,3,113,Low Value
15172.0,5,1624.05,2011-12-01 11:51:00,9,4,4,3,443,High Value
15174.0,1,135.75,2011-01-21 09:06:00,323,1,1,1,111,Low Value
15175.0,1,224.14,2011-09-29 11:31:00,72,2,1,1,211,Low Value
15178.0,1,40.5,2011-03-24 15:12:00,260,1,1,1,111,Low Value
15179.0,5,2206.95,2011-11-21 12:53:00,18,4,4,4,444,High Value
15180.0,1,87.5,2010-12-07 14:57:00,367,1,1,1,111,Low Value
15181.0,3,689.48,2011-10-04 13:58:00,66,2,3,3,233,Low Value
15182.0,2,622.85,2011-07-08 13:37:00,154,1,2,2,122,Low Value
15184.0,2,406.76,2011-11-10 13:41:00,29,3,2,2,322,Loyal
15185.0,1,310.62,2011-09-30 14:06:00,70,2,1,2,212,Low Value
15186.0,2,411.41,2011-11-25 14:58:00,14,4,2,2,422,Loyal
15187.0,16,4777.18,2011-12-08 11:56:00,2,4,4,4,444,High Value
15189.0,41,16225.39,2011-12-08 13:22:00,1,4,4,4,444,High Value
15192.0,3,1044.32,2011-08-12 11:41:00,120,2,3,3,233,Low Value
15193.0,1,499.32,2011-10-10 08:23:00,61,2,1,2,212,Low Value
15194.0,15,7616.53,2011-12-06 15:10:00,3,4,4,4,444,High Value
15195.0,1,3861.0,2011-12-07 12:20:00,3,4,1,4,414,Low Value
15197.0,3,1079.61,2011-11-29 10:00:00,11,4,3,3,433,High Value
15198.0,2,193.64,2011-09-08 14:42:00,92,2,2,1,221,Low Value
15199.0,4,1268.7,2011-10-11 15:12:00,59,2,3,3,233,Low Value
15201.0,5,1236.54,2011-09-13 14:53:00,87,2,4,3,243,Low Value
15203.0,6,1827.8,2011-11-14 08:16:00,26,3,4,4,344,High Value
15204.0,1,316.58,2010-12-17 13:49:00,357,1,1,2,112,Low Value
15205.0,2,653.24,2011-09-15 19:36:00,85,2,2,2,222,Low Value
15206.0,4,420.3,2011-11-29 13:41:00,10,4,3,2,432,Loyal
15208.0,5,870.12,2011-12-08 17:24:00,1,4,4,3,443,High Value
15210.0,1,331.18,2011-04-28 16:11:00,225,1,1,2,112,Low Value
15211.0,2,894.41,2011-10-10 13:31:00,60,2,2,3,223,Low Value
15212.0,1,101.8,2011-04-12 13:45:00,241,1,1,1,111,Low Value
15213.0,2,328.35,2011-01-25 12:21:00,319,1,2,2,122,Low Value
15214.0,8,1661.44,2011-12-08 12:07:00,2,4,4,3,443,High Value
15215.0,3,734.94,2011-10-24 11:41:00,47,3,3,3,333,High Value
15216.0,1,96.6,2011-09-13 11:41:00,88,2,1,1,211,Low Value
15218.0,11,5756.89,2011-11-29 11:48:00,11,4,4,4,444,High Value
15219.0,1,305.75,2011-06-16 16:57:00,176,1,1,1,111,Low Value
15220.0,6,1778.96,2011-10-19 12:39:00,52,2,4,4,244,Low Value
15221.0,1,403.25,2010-12-08 13:08:00,366,1,1,2,112,Low Value
15222.0,1,585.0,2011-01-25 08:03:00,319,1,1,2,112,Low Value
15223.0,2,755.75,2011-04-28 11:31:00,226,1,2,3,123,Low Value
15224.0,2,322.08,2010-12-16 15:02:00,358,1,2,2,122,Low Value
15225.0,1,409.4,2011-04-19 14:51:00,234,1,1,2,112,Low Value
15226.0,1,154.41,2011-02-02 11:41:00,311,1,1,1,111,Low Value
15227.0,5,1219.4,2011-11-03 11:59:00,37,3,4,3,343,High Value
15228.0,4,3386.71,2011-10-04 13:56:00,66,2,3,4,234,Low Value
15230.0,2,429.6,2011-04-14 14:39:00,239,1,2,2,122,Low Value
15232.0,2,612.06,2011-08-18 16:27:00,113,2,2,2,222,Low Value
15234.0,1,197.0,2011-03-08 08:53:00,277,1,1,1,111,Low Value
15235.0,12,2247.51,2011-05-06 09:44:00,218,1,4,4,144,Low Value
15236.0,1,321.05,2011-02-14 10:52:00,299,1,1,2,112,Low Value
15237.0,4,1412.32,2011-12-08 09:46:00,2,4,3,3,433,High Value
15238.0,3,1071.99,2011-11-10 14:28:00,29,3,3,3,333,High Value
15239.0,2,780.59,2011-11-29 14:14:00,10,4,2,3,423,Loyal
15240.0,5,1706.57,2011-10-26 09:50:00,45,3,4,4,344,High Value
15241.0,8,1756.44,2011-10-04 09:05:00,67,2,4,4,244,Low Value
15243.0,1,316.68,2011-09-26 14:12:00,74,2,1,2,212,Low Value
15244.0,2,631.57,2011-10-05 13:19:00,65,2,2,2,222,Low Value
15245.0,3,2515.84,2011-07-28 18:56:00,134,2,3,4,234,Low Value
15246.0,2,514.15,2011-04-15 14:45:00,238,1,2,2,122,Low Value
15247.0,1,356.0,2011-08-09 12:52:00,122,2,1,2,212,Low Value
15249.0,13,6688.46,2011-11-08 11:45:00,32,3,4,4,344,High Value
15251.0,11,10484.99,2011-11-30 15:02:00,9,4,4,4,444,High Value
15252.0,2,740.78,2011-11-03 13:30:00,36,3,2,3,323,Loyal
15253.0,5,918.2,2011-11-23 16:22:00,16,4,4,3,443,High Value
15254.0,1,300.36,2011-08-04 15:04:00,127,2,1,1,211,Low Value
15255.0,1,890.85,2011-10-04 12:43:00,67,2,1,3,213,Low Value
15256.0,1,98.45,2011-07-14 11:47:00,149,1,1,1,111,Low Value
15257.0,1,317.15,2011-03-01 12:58:00,283,1,1,2,112,Low Value
15258.0,2,623.16,2011-06-24 12:30:00,169,1,2,2,122,Low Value
15260.0,7,1810.77,2011-08-31 13:55:00,100,2,4,4,244,Low Value
15261.0,1,254.82,2011-07-27 15:20:00,135,2,1,1,211,Low Value
15262.0,1,178.95,2011-01-20 12:16:00,324,1,1,1,111,Low Value
15263.0,1,156.51,2011-08-25 10:26:00,107,2,1,1,211,Low Value
15264.0,1,393.74,2011-10-06 13:49:00,64,2,1,2,212,Low Value
15265.0,2,1506.12,2011-07-11 14:46:00,151,1,2,3,123,Low Value
15266.0,1,119.3,2011-01-05 13:40:00,338,1,1,1,111,Low Value
15267.0,5,1717.36,2011-11-17 15:59:00,22,3,4,4,344,High Value
15269.0,1,408.8,2011-11-16 09:32:00,24,3,1,2,312,Low Value
15270.0,7,2379.49,2011-11-24 09:24:00,16,4,4,4,444,High Value
15271.0,15,2507.07,2011-12-02 14:11:00,7,4,4,4,444,High Value
15272.0,2,721.94,2011-10-13 12:59:00,57,2,2,3,223,Low Value
15274.0,2,716.57,2011-12-05 16:57:00,4,4,2,3,423,Loyal
15275.0,1,615.14,2011-11-02 11:20:00,38,3,1,2,312,Low Value
15276.0,1,135.31,2011-10-04 16:39:00,66,2,1,1,211,Low Value
15277.0,1,255.9,2011-10-24 10:08:00,47,3,1,1,311,Low Value
15279.0,1,290.51,2010-12-20 10:48:00,355,1,1,1,111,Low Value
15280.0,1,113.12,2011-06-20 17:14:00,172,1,1,1,111,Low Value
15281.0,9,2332.15,2011-10-12 09:10:00,59,2,4,4,244,Low Value
15286.0,1,240.55,2011-10-21 11:08:00,50,3,1,1,311,Low Value
15287.0,2,486.69,2011-11-17 15:34:00,22,3,2,2,322,Loyal
15288.0,5,2306.52,2011-10-27 16:58:00,43,3,4,4,344,High Value
15289.0,3,939.78,2011-11-10 13:49:00,29,3,3,3,333,High Value
15290.0,18,7943.22,2011-12-05 11:39:00,5,4,4,4,444,High Value
15291.0,15,4668.3,2011-11-14 11:02:00,26,3,4,4,344,High Value
15292.0,1,180.94,2011-05-22 15:00:00,201,1,1,1,111,Low Value
15296.0,6,3672.86,2011-10-20 11:47:00,51,3,4,4,344,High Value
15297.0,3,641.94,2011-11-29 16:32:00,10,4,3,2,432,Loyal
15298.0,12,4799.9,2011-12-07 17:17:00,2,4,4,4,444,High Value
15299.0,7,4507.01,2011-10-03 14:19:00,67,2,4,4,244,Low Value
15300.0,1,496.44,2011-10-06 17:08:00,64,2,1,2,212,Low Value
15301.0,12,5070.35,2011-10-20 09:57:00,51,3,4,4,344,High Value
15303.0,1,574.02,2011-02-22 13:59:00,290,1,1,2,112,Low Value
15304.0,8,694.4,2011-10-10 10:23:00,61,2,4,3,243,Low Value
15306.0,3,1174.35,2011-10-06 12:56:00,64,2,3,3,233,Low Value
15307.0,1,205.3,2011-09-05 11:38:00,96,2,1,1,211,Low Value
15308.0,1,310.47,2011-03-10 13:08:00,274,1,1,2,112,Low Value
15311.0,91,60767.9,2011-12-09 12:00:00,1,4,4,4,444,High Value
15312.0,4,924.85,2011-09-25 13:10:00,75,2,3,3,233,Low Value
15313.0,1,52.0,2011-08-21 16:02:00,110,2,1,1,211,Low Value
15314.0,1,327.97,2011-05-24 14:39:00,199,1,1,2,112,Low Value
15315.0,2,570.5,2011-10-06 12:51:00,64,2,2,2,222,Low Value
15316.0,1,165.0,2011-01-17 11:34:00,327,1,1,1,111,Low Value
15318.0,1,312.62,2011-12-06 11:30:00,4,4,1,2,412,Low Value
15319.0,1,204.5,2011-03-01 12:48:00,284,1,1,1,111,Low Value
15320.0,1,267.13,2011-10-26 13:27:00,44,3,1,1,311,Low Value
15321.0,3,2748.31,2011-09-30 09:40:00,71,2,3,4,234,Low Value
15322.0,1,679.68,2011-09-15 09:34:00,86,2,1,3,213,Low Value
15325.0,1,162.29,2011-08-28 11:55:00,104,2,1,1,211,Low Value
15326.0,1,311.71,2011-01-10 11:38:00,334,1,1,2,112,Low Value
15327.0,1,208.75,2011-10-18 11:55:00,53,2,1,1,211,Low Value
15329.0,3,1049.7,2011-10-31 15:36:00,39,3,3,3,333,High Value
15330.0,2,714.96,2011-11-07 17:50:00,32,3,2,3,323,Loyal
15332.0,4,1661.06,2010-12-08 14:43:00,366,1,3,3,133,Low Value
15333.0,1,1028.56,2011-05-15 13:27:00,208,1,1,3,113,Low Value
15334.0,3,351.67,2011-07-06 11:22:00,157,1,3,2,132,Low Value
15335.0,1,173.97,2011-10-17 12:50:00,54,2,1,1,211,Low Value
15339.0,2,574.07,2011-10-04 12:51:00,66,2,2,2,222,Low Value
15341.0,1,2020.52,2011-09-20 09:40:00,81,2,1,4,214,Low Value
15342.0,1,406.09,2011-08-02 10:19:00,130,2,1,2,212,Low Value
15343.0,1,364.5,2011-09-13 13:55:00,87,2,1,2,212,Low Value
15344.0,3,563.94,2011-12-09 10:45:00,1,4,3,2,432,Loyal
15345.0,1,393.54,2011-10-25 11:28:00,46,3,1,2,312,Low Value
15346.0,1,252.42,2011-01-11 11:18:00,333,1,1,1,111,Low Value
15347.0,1,201.6,2010-12-08 15:25:00,366,1,1,1,111,Low Value
15348.0,1,158.04,2011-09-28 13:17:00,72,2,1,1,211,Low Value
15349.0,2,473.81,2011-07-04 16:06:00,158,1,2,2,122,Low Value
15350.0,1,115.65,2010-12-01 13:33:00,373,1,1,1,111,Low Value
15351.0,7,1960.11,2011-11-27 12:52:00,12,4,4,4,444,High Value
15353.0,2,777.02,2011-03-30 12:15:00,255,1,2,3,123,Low Value
15355.0,2,277.05,2011-11-10 13:44:00,29,3,2,1,321,Loyal
15356.0,10,2766.5,2011-11-08 13:11:00,31,3,4,4,344,High Value
15358.0,22,8347.2,2011-12-05 09:04:00,5,4,4,4,444,High Value
15360.0,1,427.93,2011-10-31 09:35:00,40,3,1,2,312,Low Value
15361.0,1,418.92,2010-12-13 09:52:00,362,1,1,2,112,Low Value
15363.0,1,326.0,2010-12-02 12:28:00,373,1,1,2,112,Low Value
15364.0,2,913.19,2011-09-05 09:46:00,96,2,2,3,223,Low Value
15365.0,7,2314.32,2011-11-14 08:29:00,26,3,4,4,344,High Value
15366.0,2,602.51,2011-09-25 15:01:00,75,2,2,2,222,Low Value
15367.0,4,1877.59,2011-10-13 14:13:00,57,2,3,4,234,Low Value
15368.0,1,446.94,2011-11-18 14:42:00,21,3,1,2,312,Low Value
15370.0,7,2386.05,2011-10-30 10:58:00,41,3,4,4,344,High Value
15372.0,1,2007.4,2011-07-25 16:39:00,137,2,1,4,214,Low Value
15373.0,12,2415.91,2011-12-01 15:05:00,8,4,4,4,444,High Value
15374.0,1,168.0,2011-08-03 09:59:00,129,2,1,1,211,Low Value
15376.0,3,1233.36,2011-10-30 15:04:00,40,3,3,3,333,High Value
15379.0,7,3703.29,2011-06-23 13:13:00,169,1,4,4,144,Low Value
15380.0,5,1690.26,2011-12-01 12:13:00,9,4,4,4,444,High Value
15381.0,2,596.85,2011-05-10 11:55:00,214,1,2,2,122,Low Value
15382.0,6,5955.71,2011-11-25 10:58:00,15,4,4,4,444,High Value
15384.0,2,642.41,2011-06-23 10:57:00,170,1,2,2,122,Low Value
15385.0,1,316.88,2011-10-30 15:11:00,40,3,1,2,312,Low Value
15386.0,1,394.14,2011-06-06 13:47:00,186,1,1,2,112,Low Value
15388.0,1,140.54,2011-03-14 13:53:00,270,1,1,1,111,Low Value
15389.0,1,500.0,2011-06-20 16:18:00,172,1,1,2,112,Low Value
15392.0,4,1535.53,2011-12-05 11:01:00,5,4,3,3,433,High Value
15393.0,2,231.86,2011-11-23 16:48:00,16,4,2,1,421,Loyal
15394.0,4,2183.54,2011-11-30 11:49:00,10,4,3,4,434,High Value
15395.0,1,107.45,2011-01-18 12:40:00,326,1,1,1,111,Low Value
15396.0,1,288.18,2011-08-19 10:56:00,113,2,1,1,211,Low Value
15397.0,1,94.0,2011-02-23 09:25:00,290,1,1,1,111,Low Value
15398.0,2,1345.53,2011-11-23 16:47:00,16,4,2,3,423,Loyal
15399.0,3,815.77,2011-12-08 13:04:00,1,4,3,3,433,High Value
15400.0,5,716.2,2011-09-08 13:57:00,92,2,4,3,243,Low Value
15402.0,2,626.77,2011-07-14 12:17:00,149,1,2,2,122,Low Value
15405.0,1,349.1,2011-06-03 14:44:00,189,1,1,2,112,Low Value
15406.0,2,510.71,2011-11-08 13:22:00,31,3,2,2,322,Loyal
15407.0,4,1056.44,2011-11-06 11:55:00,34,3,3,3,333,High Value
15408.0,1,267.18,2011-03-20 15:02:00,264,1,1,1,111,Low Value
15410.0,8,3450.84,2011-09-16 14:47:00,84,2,4,4,244,Low Value
15411.0,4,1358.88,2011-11-13 15:19:00,26,3,3,3,333,High Value
15412.0,1,190.53,2011-06-21 15:24:00,171,1,1,1,111,Low Value
15414.0,3,774.9,2011-11-30 09:50:00,10,4,3,3,433,High Value
15415.0,1,572.81,2011-01-30 14:13:00,313,1,1,2,112,Low Value
15416.0,4,3984.32,2011-10-06 09:38:00,65,2,3,4,234,Low Value
15417.0,1,508.8,2011-09-15 15:26:00,85,2,1,2,212,Low Value
15419.0,1,135.86,2011-11-15 09:23:00,25,3,1,1,311,Low Value
15421.0,4,950.36,2011-10-12 09:20:00,59,2,3,3,233,Low Value
15422.0,2,97.7,2011-01-20 16:17:00,323,1,2,1,121,Low Value
15423.0,1,43.5,2011-11-01 14:01:00,38,3,1,1,311,Low Value
15424.0,2,383.34,2011-03-30 13:02:00,254,1,2,2,122,Low Value
15426.0,5,1447.39,2011-11-20 15:36:00,19,3,4,3,343,High Value
15427.0,3,1483.14,2011-11-06 14:29:00,33,3,3,3,333,High Value
15428.0,1,93.78,2011-11-24 16:54:00,15,4,1,1,411,Low Value
15429.0,2,397.35,2011-11-13 12:28:00,27,3,2,2,322,Loyal
15432.0,1,171.19,2011-11-16 16:30:00,23,3,1,1,311,Low Value
15433.0,2,533.3,2011-05-10 10:45:00,214,1,2,2,122,Low Value
15434.0,5,1041.48,2011-12-01 13:33:00,8,4,4,3,443,High Value
15435.0,1,149.29,2011-11-17 16:39:00,22,3,1,1,311,Low Value
15436.0,3,1122.53,2011-11-27 16:05:00,12,4,3,3,433,High Value
15437.0,1,200.16,2011-03-22 13:11:00,262,1,1,1,111,Low Value
15438.0,1,156.58,2011-07-31 14:19:00,131,2,1,1,211,Low Value
15440.0,3,383.68,2011-10-16 12:16:00,55,2,3,2,232,Low Value
15442.0,1,594.0,2011-04-05 12:24:00,249,1,1,2,112,Low Value
15443.0,7,3236.91,2011-12-08 10:40:00,2,4,4,4,444,High Value
15444.0,2,1418.26,2011-11-30 17:37:00,9,4,2,3,423,Loyal
15445.0,1,113.5,2011-03-20 15:06:00,264,1,1,1,111,Low Value
15447.0,1,155.17,2011-01-13 11:26:00,331,1,1,1,111,Low Value
15448.0,1,494.64,2011-01-31 10:42:00,313,1,1,2,112,Low Value
15449.0,3,974.52,2011-11-13 15:02:00,26,3,3,3,333,High Value
15450.0,1,429.84,2011-11-09 17:11:00,30,3,1,2,312,Low Value
15452.0,3,538.73,2011-11-10 12:13:00,30,3,3,2,332,Loyal
15453.0,7,1388.37,2011-12-08 10:59:00,2,4,4,3,443,High Value
15454.0,1,179.1,2010-12-12 14:21:00,362,1,1,1,111,Low Value
15456.0,3,447.22,2011-03-01 13:51:00,283,1,3,2,132,Low Value
15457.0,1,237.07,2011-03-22 15:31:00,262,1,1,1,111,Low Value
15458.0,1,161.64,2011-11-14 13:08:00,25,3,1,1,311,Low Value
15460.0,1,216.76,2010-12-20 16:08:00,354,1,1,1,111,Low Value
15462.0,3,234.6,2011-09-06 13:11:00,94,2,3,1,231,Low Value
15463.0,1,126.14,2011-11-10 12:57:00,29,3,1,1,311,Low Value
15464.0,1,1048.85,2011-01-05 15:56:00,338,1,1,3,113,Low Value
15465.0,18,7354.62,2011-11-20 10:11:00,20,3,4,4,344,High Value
15466.0,1,334.53,2011-09-15 14:08:00,85,2,1,2,212,Low Value
15467.0,3,524.88,2011-11-30 14:17:00,9,4,3,2,432,Loyal
15468.0,2,467.51,2011-10-19 13:49:00,51,3,2,2,322,Loyal
15469.0,2,538.55,2011-10-20 16:21:00,50,3,2,2,322,Loyal
15471.0,1,469.48,2011-12-07 14:12:00,2,4,1,2,412,Low Value
15472.0,1,371.56,2011-08-18 15:17:00,113,2,1,2,212,Low Value
15473.0,7,1771.2,2011-11-25 15:15:00,14,4,4,4,444,High Value
15475.0,1,454.11,2011-09-23 15:20:00,77,2,1,2,212,Low Value
15478.0,2,1441.42,2011-10-30 14:19:00,40,3,2,3,323,Loyal
15480.0,1,905.5,2011-08-15 14:32:00,116,2,1,3,213,Low Value
15482.0,12,11054.96,2011-11-24 10:46:00,16,4,4,4,444,High Value
15483.0,4,233.81,2011-07-01 13:07:00,161,1,3,1,131,Low Value
15484.0,4,3594.31,2011-12-08 15:03:00,1,4,3,4,434,High Value
15485.0,3,2575.0,2011-11-09 14:31:00,30,3,3,4,334,High Value
15488.0,1,91.32,2011-09-08 10:11:00,93,2,1,1,211,Low Value
15489.0,3,1134.28,2011-11-17 08:53:00,23,3,3,3,333,High Value
15491.0,6,3100.09,2011-09-05 15:56:00,95,2,4,4,244,Low Value
15492.0,2,659.46,2011-11-11 14:53:00,28,3,2,2,322,Loyal
15493.0,5,2001.8,2011-11-07 12:04:00,33,3,4,4,344,High Value
15494.0,2,1299.23,2011-11-18 14:51:00,21,3,2,3,323,Loyal
15497.0,2,1262.2,2011-11-22 11:51:00,18,4,2,3,423,Loyal
15498.0,27,13316.4,2011-12-07 12:48:00,3,4,4,4,444,High Value
15500.0,4,1131.56,2011-12-01 13:47:00,8,4,3,3,433,High Value
15502.0,12,10384.93,2011-11-24 12:48:00,16,4,4,4,444,High Value
15503.0,1,147.09,2010-12-12 10:57:00,363,1,1,1,111,Low Value
15504.0,1,52.83,2011-09-19 13:45:00,81,2,1,1,211,Low Value
15505.0,5,3610.96,2011-10-18 07:56:00,53,2,4,4,244,Low Value
15506.0,3,979.26,2011-11-17 12:11:00,23,3,3,3,333,High Value
15507.0,1,492.36,2011-06-21 11:19:00,172,1,1,2,112,Low Value
15508.0,6,1000.27,2011-06-03 15:43:00,189,1,4,3,143,Low Value
15510.0,1,250.0,2011-01-13 12:10:00,331,1,1,1,111,Low Value
15511.0,5,909.23,2011-11-28 09:43:00,12,4,4,3,443,High Value
15512.0,2,121.0,2011-07-07 10:20:00,156,1,2,1,121,Low Value
15513.0,19,14758.22,2011-11-06 14:36:00,33,3,4,4,344,High Value
15514.0,11,4139.46,2011-11-27 14:40:00,12,4,4,4,444,High Value
15516.0,3,62.43,2011-10-26 10:51:00,45,3,3,1,331,Loyal
15517.0,1,267.03,2011-04-20 14:02:00,233,1,1,1,111,Low Value
15518.0,8,1942.45,2011-10-06 13:05:00,64,2,4,4,244,Low Value
15520.0,1,343.5,2011-12-08 10:58:00,2,4,1,2,412,Low Value
15521.0,8,3000.2,2011-10-30 13:42:00,40,3,4,4,344,High Value
15522.0,2,398.84,2011-11-07 11:26:00,33,3,2,2,322,Loyal
15523.0,1,412.01,2011-09-16 16:29:00,84,2,1,2,212,Low Value
15524.0,1,440.0,2011-11-15 12:09:00,25,3,1,2,312,Low Value
15525.0,3,825.92,2011-12-07 14:43:00,2,4,3,3,433,High Value
15526.0,2,148.44,2011-11-06 15:04:00,33,3,2,1,321,Loyal
15527.0,8,2429.78,2011-11-21 12:17:00,19,3,4,4,344,High Value
15528.0,1,229.33,2011-03-30 16:14:00,254,1,1,1,111,Low Value
15529.0,11,3995.23,2011-11-17 11:29:00,23,3,4,4,344,High Value
15530.0,4,1502.35,2011-11-18 12:25:00,22,3,3,3,333,High Value
15531.0,2,2007.44,2011-12-01 18:43:00,8,4,2,4,424,Loyal
15532.0,4,1580.93,2011-11-14 14:51:00,25,3,3,3,333,High Value
15533.0,3,807.57,2011-11-20 15:35:00,19,3,3,3,333,High Value
15535.0,4,536.4,2011-06-19 16:02:00,173,1,3,2,132,Low Value
15537.0,1,110.92,2011-06-29 13:10:00,163,1,1,1,111,Low Value
15539.0,1,538.46,2011-12-02 13:36:00,7,4,1,2,412,Low Value
15540.0,1,213.3,2011-11-28 13:51:00,11,4,1,1,411,Low Value
15541.0,1,85.13,2011-08-17 14:58:00,114,2,1,1,211,Low Value
15543.0,1,127.86,2011-02-24 15:26:00,288,1,1,1,111,Low Value
15544.0,9,3546.71,2011-11-30 16:43:00,9,4,4,4,444,High Value
15545.0,2,292.72,2011-10-16 13:24:00,54,2,2,1,221,Low Value
15547.0,14,4954.84,2011-12-02 12:52:00,7,4,4,4,444,High Value
15549.0,3,1693.26,2011-09-23 16:22:00,77,2,3,4,234,Low Value
15550.0,4,575.63,2011-12-05 15:38:00,4,4,3,2,432,Loyal
15551.0,1,436.06,2011-11-03 12:37:00,37,3,1,2,312,Low Value
15552.0,1,90.12,2011-05-06 14:47:00,217,1,1,1,111,Low Value
15553.0,1,437.23,2011-10-10 14:02:00,60,2,1,2,212,Low Value
15554.0,1,217.2,2011-03-07 09:00:00,278,1,1,1,111,Low Value
15555.0,16,4805.17,2011-11-27 16:19:00,12,4,4,4,444,High Value
15556.0,1,279.77,2011-11-15 16:08:00,24,3,1,1,311,Low Value
15557.0,1,473.65,2011-11-11 12:46:00,29,3,1,2,312,Low Value
15561.0,4,800.59,2011-11-28 11:07:00,12,4,3,3,433,High Value
15562.0,1,134.55,2010-12-23 09:55:00,352,1,1,1,111,Low Value
15563.0,4,1400.44,2011-11-17 14:50:00,22,3,3,3,333,High Value
15565.0,2,173.16,2011-10-20 14:33:00,50,3,2,1,321,Loyal
15567.0,1,186.01,2011-11-21 10:48:00,19,3,1,1,311,Low Value
15568.0,3,758.29,2011-12-07 11:27:00,3,4,3,3,433,High Value
15569.0,5,1375.71,2011-08-28 10:15:00,104,2,4,3,243,Low Value
15570.0,12,4165.52,2011-12-02 14:47:00,7,4,4,4,444,High Value
15571.0,4,650.43,2011-11-28 10:02:00,12,4,3,2,432,Loyal
15572.0,7,2552.86,2011-12-05 10:09:00,5,4,4,4,444,High Value
15573.0,2,607.45,2011-11-08 11:38:00,32,3,2,2,322,Loyal
15574.0,4,702.25,2011-06-15 12:01:00,178,1,3,3,133,Low Value
15576.0,1,940.67,2011-11-02 12:03:00,38,3,1,3,313,Low Value
15577.0,3,258.88,2011-07-11 17:03:00,151,1,3,1,131,Low Value
15578.0,1,127.1,2011-06-30 13:03:00,162,1,1,1,111,Low Value
15579.0,2,348.6,2011-10-02 12:45:00,69,2,2,2,222,Low Value
15581.0,13,3679.97,2011-08-11 09:38:00,121,2,4,4,244,Low Value
15582.0,3,682.91,2011-11-15 09:55:00,25,3,3,3,333,High Value
15584.0,4,725.11,2011-11-16 10:55:00,24,3,3,3,333,High Value
15585.0,1,455.3,2011-06-16 08:38:00,177,1,1,2,112,Low Value
15587.0,4,913.68,2011-10-20 13:37:00,50,3,3,3,333,High Value
15589.0,3,478.53,2011-03-29 09:54:00,256,1,3,2,132,Low Value
15592.0,1,388.58,2011-10-24 08:59:00,47,3,1,2,312,Low Value
15593.0,1,199.8,2011-09-30 11:46:00,71,2,1,1,211,Low Value
15594.0,5,1771.78,2011-11-24 08:53:00,16,4,4,4,444,High Value
15596.0,5,1406.59,2011-08-31 10:55:00,101,2,4,3,243,Low Value
15597.0,1,324.57,2011-11-04 13:26:00,35,3,1,2,312,Low Value
15598.0,1,240.68,2011-10-17 16:04:00,53,2,1,1,211,Low Value
15599.0,2,761.74,2011-11-13 11:44:00,27,3,2,3,323,Loyal
15601.0,14,6776.56,2011-11-28 15:15:00,11,4,4,4,444,High Value
15602.0,9,1297.87,2011-12-01 14:14:00,8,4,4,3,443,High Value
15603.0,1,48.48,2011-09-22 10:04:00,79,2,1,1,211,Low Value
15604.0,1,216.39,2011-10-18 14:47:00,52,2,1,1,211,Low Value
15605.0,5,1198.23,2011-11-03 14:17:00,36,3,4,3,343,High Value
15606.0,9,2920.16,2011-10-09 15:47:00,61,2,4,4,244,Low Value
15607.0,1,104.76,2011-01-07 12:44:00,337,1,1,1,111,Low Value
15608.0,4,1093.68,2011-11-11 13:20:00,28,3,3,3,333,High Value
15609.0,1,298.48,2011-06-08 13:00:00,184,1,1,1,111,Low Value
15610.0,1,112.46,2011-10-19 10:36:00,52,2,1,1,211,Low Value
15611.0,13,1591.45,2011-11-30 12:36:00,10,4,4,3,443,High Value
15612.0,2,195.15,2011-11-03 14:52:00,36,3,2,1,321,Loyal
15615.0,23,10399.74,2011-11-29 14:42:00,10,4,4,4,444,High Value
15618.0,4,776.85,2011-11-07 08:34:00,33,3,3,3,333,High Value
15619.0,1,336.4,2011-11-29 08:14:00,11,4,1,2,412,Low Value
15620.0,3,1553.18,2011-10-14 12:41:00,57,2,3,3,233,Low Value
15621.0,4,1293.03,2011-12-05 14:01:00,4,4,3,3,433,High Value
15622.0,9,3709.56,2011-10-27 16:44:00,43,3,4,4,344,High Value
15623.0,1,301.03,2011-07-21 17:26:00,141,2,1,1,211,Low Value
15624.0,4,588.13,2011-08-15 11:38:00,117,2,3,2,232,Low Value
15625.0,4,1534.26,2011-08-28 10:21:00,104,2,3,3,233,Low Value
15626.0,2,675.8,2011-09-26 10:03:00,75,2,2,3,223,Low Value
15628.0,9,2870.24,2011-12-05 10:24:00,5,4,4,4,444,High Value
15630.0,2,1186.35,2011-10-25 15:36:00,45,3,2,3,323,Loyal
15632.0,8,3285.31,2011-11-24 09:51:00,16,4,4,4,444,High Value
15634.0,1,243.55,2011-11-22 16:28:00,17,4,1,1,411,Low Value
15636.0,2,724.76,2011-09-11 11:17:00,90,2,2,3,223,Low Value
15637.0,1,223.36,2011-10-18 08:28:00,53,2,1,1,211,Low Value
15639.0,1,425.32,2011-07-28 14:30:00,134,2,1,2,212,Low Value
15640.0,15,12515.66,2011-12-05 14:35:00,4,4,4,4,444,High Value
15641.0,4,1887.2,2011-08-26 14:04:00,105,2,3,4,234,Low Value
15643.0,3,664.0,2011-06-01 07:38:00,192,1,3,2,132,Low Value
15644.0,4,813.0,2011-06-26 14:54:00,166,1,3,3,133,Low Value
15645.0,1,612.01,2011-11-21 11:55:00,19,3,1,2,312,Low Value
15646.0,3,447.64,2011-07-05 09:53:00,158,1,3,2,132,Low Value
15648.0,2,657.35,2011-05-19 15:53:00,204,1,2,2,122,Low Value
15649.0,2,816.0,2011-01-07 13:34:00,336,1,2,3,123,Low Value
15651.0,3,646.3,2011-11-03 08:41:00,37,3,3,2,332,Loyal
15652.0,1,337.74,2011-09-09 14:22:00,91,2,1,2,212,Low Value
15653.0,2,877.44,2011-09-08 10:49:00,93,2,2,3,223,Low Value
15654.0,2,922.53,2011-11-30 13:08:00,9,4,2,3,423,Loyal
15655.0,1,560.67,2011-04-10 15:25:00,243,1,1,2,112,Low Value
15656.0,4,748.5,2011-10-25 14:56:00,45,3,3,3,333,High Value
15657.0,1,30.0,2011-11-17 12:19:00,23,3,1,1,311,Low Value
15658.0,5,1024.1,2011-06-02 15:22:00,190,1,4,3,143,Low Value
15659.0,1,306.45,2011-10-27 09:23:00,44,3,1,1,311,Low Value
15660.0,9,1600.86,2011-11-14 16:58:00,25,3,4,3,343,High Value
15661.0,2,309.8,2011-01-26 13:56:00,317,1,2,2,122,Low Value
15663.0,1,138.14,2011-08-25 15:50:00,106,2,1,1,211,Low Value
15664.0,1,386.43,2011-10-20 10:57:00,51,3,1,2,312,Low Value
15665.0,2,2242.01,2011-06-24 14:57:00,168,1,2,4,124,Low Value
15667.0,1,301.32,2011-10-31 10:56:00,40,3,1,1,311,Low Value
15668.0,1,76.32,2011-05-06 10:39:00,218,1,1,1,111,Low Value
15669.0,4,684.34,2011-10-30 16:03:00,40,3,3,3,333,High Value
15670.0,1,173.05,2011-02-16 10:50:00,297,1,1,1,111,Low Value
15671.0,7,2657.13,2011-11-21 12:43:00,19,3,4,4,344,High Value
15673.0,4,2881.02,2011-09-12 16:12:00,88,2,3,4,234,Low Value
15674.0,5,2446.6,2011-09-27 15:17:00,73,2,4,4,244,Low Value
15675.0,3,323.69,2011-09-19 13:48:00,81,2,3,2,232,Low Value
15676.0,3,3435.76,2011-11-21 12:40:00,19,3,3,4,334,High Value
15677.0,1,657.23,2011-10-21 15:36:00,49,3,1,2,312,Low Value
15678.0,1,352.7,2011-10-18 09:25:00,53,2,1,2,212,Low Value
15679.0,4,781.28,2011-11-15 16:19:00,24,3,3,3,333,High Value
15680.0,3,1333.68,2011-11-30 13:46:00,9,4,3,3,433,High Value
15681.0,5,1426.16,2011-11-14 16:30:00,25,3,4,3,343,High Value
15683.0,1,193.75,2011-08-14 12:56:00,117,2,1,1,211,Low Value
15687.0,9,2993.1,2011-12-01 08:33:00,9,4,4,4,444,High Value
15689.0,2,254.1,2011-08-12 09:37:00,120,2,2,1,221,Low Value
15690.0,2,239.76,2011-12-05 15:59:00,4,4,2,1,421,Loyal
15691.0,1,136.8,2011-04-01 15:13:00,252,1,1,1,111,Low Value
15692.0,1,191.04,2011-11-11 14:12:00,28,3,1,1,311,Low Value
15694.0,14,6479.4,2011-12-09 09:44:00,1,4,4,4,444,High Value
15695.0,2,409.98,2011-03-18 08:32:00,267,1,2,2,122,Low Value
15696.0,8,2736.46,2011-11-06 14:02:00,33,3,4,4,344,High Value
15699.0,1,309.65,2011-11-22 08:26:00,18,4,1,2,412,Low Value
15700.0,2,696.68,2011-06-20 16:53:00,172,1,2,3,123,Low Value
15701.0,4,1542.14,2011-12-07 14:39:00,2,4,3,3,433,High Value
15703.0,1,211.5,2011-03-20 10:51:00,265,1,1,1,111,Low Value
15704.0,4,2293.62,2011-07-22 13:35:00,140,2,3,4,234,Low Value
15705.0,1,143.1,2011-05-22 15:37:00,201,1,1,1,111,Low Value
15706.0,4,1060.56,2011-10-07 10:09:00,64,2,3,3,233,Low Value
15707.0,4,945.58,2011-11-04 14:35:00,35,3,3,3,333,High Value
15708.0,7,3364.24,2011-10-30 10:54:00,41,3,4,4,344,High Value
15709.0,1,133.25,2011-03-01 10:38:00,284,1,1,1,111,Low Value
15712.0,5,1072.36,2011-11-30 14:09:00,9,4,4,3,443,High Value
15713.0,2,356.7,2011-07-19 13:34:00,143,1,2,2,122,Low Value
15714.0,2,330.88,2011-11-28 11:26:00,12,4,2,2,422,Loyal
15716.0,4,1118.81,2011-07-17 11:59:00,146,1,3,3,133,Low Value
15717.0,1,150.3,2011-04-19 13:21:00,234,1,1,1,111,Low Value
15719.0,13,5045.61,2011-11-07 12:29:00,33,3,4,4,344,High Value
15720.0,1,598.73,2011-11-15 14:48:00,24,3,1,2,312,Low Value
15721.0,1,507.08,2011-11-28 12:14:00,12,4,1,2,412,Low Value
15722.0,5,2222.56,2011-11-04 11:43:00,36,3,4,4,344,High Value
15723.0,1,203.1,2010-12-10 11:12:00,365,1,1,1,111,Low Value
15724.0,2,218.25,2011-05-22 14:40:00,201,1,2,1,121,Low Value
15725.0,1,415.25,2011-11-24 14:51:00,15,4,1,2,412,Low Value
15727.0,7,5178.96,2011-11-23 12:36:00,17,4,4,4,444,High Value
15729.0,1,85.0,2011-05-11 12:36:00,213,1,1,1,111,Low Value
15730.0,3,1120.88,2011-10-05 12:31:00,66,2,3,3,233,Low Value
15732.0,2,294.12,2011-05-11 14:24:00,212,1,2,1,121,Low Value
15733.0,1,162.3,2011-03-02 09:05:00,283,1,1,1,111,Low Value
15734.0,2,1339.45,2011-08-17 10:50:00,115,2,2,3,223,Low Value
15737.0,8,1205.12,2011-11-25 11:21:00,15,4,4,3,443,High Value
15738.0,16,4812.42,2011-11-21 08:26:00,19,3,4,4,344,High Value
15739.0,1,449.12,2011-10-04 13:42:00,66,2,1,2,212,Low Value
15740.0,1,154.88,2011-10-21 14:29:00,49,3,1,1,311,Low Value
15743.0,4,784.46,2011-11-23 17:19:00,16,4,3,3,433,High Value
15744.0,1,34.8,2011-09-23 09:52:00,78,2,1,1,211,Low Value
15745.0,4,1094.59,2011-11-20 13:45:00,19,3,3,3,333,High Value
15746.0,1,196.88,2011-07-28 15:21:00,134,2,1,1,211,Low Value
15747.0,3,974.04,2011-11-27 12:26:00,13,4,3,3,433,High Value
15748.0,1,149.31,2011-10-30 12:51:00,40,3,1,1,311,Low Value
15749.0,3,44534.3,2011-04-18 13:20:00,235,1,3,4,134,Low Value
15750.0,8,2465.48,2011-12-07 12:34:00,3,4,4,4,444,High Value
15752.0,7,2637.38,2011-10-31 11:37:00,40,3,4,4,344,High Value
15753.0,1,79.2,2011-02-08 12:41:00,305,1,1,1,111,Low Value
15754.0,3,458.57,2011-10-19 14:40:00,51,3,3,2,332,Loyal
15755.0,6,2364.25,2011-11-29 14:57:00,10,4,4,4,444,High Value
15756.0,4,532.96,2011-10-09 13:30:00,61,2,3,2,232,Low Value
15757.0,2,714.42,2011-10-05 12:14:00,66,2,2,3,223,Low Value
15758.0,1,205.25,2011-11-15 10:48:00,25,3,1,1,311,Low Value
15759.0,3,253.04,2011-05-05 15:13:00,218,1,3,1,131,Low Value
15762.0,2,583.75,2011-10-05 16:15:00,65,2,2,2,222,Low Value
15763.0,2,1086.92,2011-11-08 09:44:00,32,3,2,3,323,Loyal
15764.0,6,3279.97,2011-09-12 17:58:00,88,2,4,4,244,Low Value
15766.0,1,315.06,2011-10-06 17:03:00,64,2,1,2,212,Low Value
15768.0,3,621.83,2011-08-16 10:48:00,116,2,3,2,232,Low Value
15769.0,26,56252.72,2011-12-02 13:52:00,7,4,4,4,444,High Value
15773.0,1,635.68,2011-12-04 12:48:00,6,4,1,2,412,Low Value
15774.0,1,270.8,2011-10-02 12:04:00,69,2,1,1,211,Low Value
15775.0,1,104.9,2011-04-08 12:56:00,245,1,1,1,111,Low Value
15776.0,1,241.62,2011-07-29 13:46:00,133,2,1,1,211,Low Value
15777.0,4,1047.11,2011-04-12 16:43:00,241,1,3,3,133,Low Value
15780.0,3,475.28,2011-06-09 12:01:00,184,1,3,2,132,Low Value
15781.0,3,345.46,2011-11-14 14:57:00,25,3,3,2,332,Loyal
15782.0,3,2614.74,2011-11-30 10:49:00,10,4,3,4,434,High Value
15783.0,1,246.3,2011-11-29 09:50:00,11,4,1,1,411,Low Value
15785.0,5,2328.97,2011-11-07 11:33:00,33,3,4,4,344,High Value
15786.0,3,4932.2,2011-10-24 14:13:00,46,3,3,4,334,High Value
15787.0,3,948.05,2011-11-13 14:55:00,26,3,3,3,333,High Value
15789.0,1,351.3,2010-12-16 14:35:00,358,1,1,2,112,Low Value
15790.0,1,220.85,2011-11-29 14:53:00,10,4,1,1,411,Low Value
15791.0,2,1612.69,2011-10-27 10:14:00,44,3,2,3,323,Loyal
15793.0,3,965.61,2011-11-25 09:31:00,15,4,3,3,433,High Value
15795.0,1,610.01,2011-07-13 10:43:00,150,1,1,2,112,Low Value
15796.0,8,2711.56,2011-12-08 19:55:00,1,4,4,4,444,High Value
15797.0,4,2207.4,2011-08-18 17:04:00,113,2,3,4,234,Low Value
15799.0,3,884.14,2011-09-25 12:46:00,76,2,3,3,233,Low Value
15800.0,2,699.08,2011-08-24 14:23:00,107,2,2,3,223,Low Value
15801.0,3,1063.95,2011-10-24 13:52:00,46,3,3,3,333,High Value
15802.0,1,451.42,2011-07-20 11:38:00,143,1,1,2,112,Low Value
15803.0,1,415.82,2011-10-19 14:56:00,51,3,1,2,312,Low Value
15804.0,13,4206.39,2011-12-09 12:31:00,1,4,4,4,444,High Value
15805.0,17,5528.48,2011-11-16 16:32:00,23,3,4,4,344,High Value
15806.0,3,784.58,2011-10-24 14:35:00,46,3,3,3,333,High Value
15807.0,3,903.9,2011-10-20 14:10:00,50,3,3,3,333,High Value
15808.0,4,3734.97,2011-02-06 14:33:00,306,1,3,4,134,Low Value
15809.0,5,515.77,2011-11-03 16:40:00,36,3,4,2,342,Loyal
15810.0,4,1391.98,2011-09-22 09:38:00,79,2,3,3,233,Low Value
15811.0,6,2218.62,2011-11-17 15:31:00,22,3,4,4,344,High Value
15812.0,5,1801.14,2011-08-24 14:19:00,107,2,4,4,244,Low Value
15813.0,2,1303.91,2011-05-16 08:13:00,208,1,2,3,123,Low Value
15814.0,4,1945.33,2011-11-23 08:17:00,17,4,3,4,434,High Value
15815.0,5,2100.6,2011-10-07 12:42:00,64,2,4,4,244,Low Value
15819.0,4,1905.45,2011-10-21 14:50:00,49,3,3,4,334,High Value
15820.0,1,206.98,2011-01-24 12:00:00,320,1,1,1,111,Low Value
15821.0,2,570.96,2011-10-26 15:48:00,44,3,2,2,322,Loyal
15822.0,2,885.47,2011-12-06 14:50:00,3,4,2,3,423,Loyal
15823.0,1,15.0,2010-12-02 15:08:00,372,1,1,1,111,Low Value
15825.0,1,532.94,2011-06-20 13:27:00,172,1,1,2,112,Low Value
15826.0,3,1654.31,2011-10-14 16:05:00,56,2,3,3,233,Low Value
15827.0,14,1836.09,2011-09-27 15:35:00,73,2,4,4,244,Low Value
15829.0,2,636.14,2011-09-01 16:45:00,99,2,2,2,222,Low Value
15830.0,1,576.0,2011-11-02 10:40:00,38,3,1,2,312,Low Value
15831.0,3,801.76,2011-10-12 13:14:00,58,2,3,3,233,Low Value
15832.0,1,836.79,2011-03-30 15:29:00,254,1,1,3,113,Low Value
15834.0,4,2233.75,2011-09-30 14:41:00,70,2,3,4,234,Low Value
15835.0,4,954.09,2011-10-26 15:47:00,44,3,3,3,333,High Value
15836.0,1,137.37,2011-10-20 17:13:00,50,3,1,1,311,Low Value
15837.0,1,391.98,2011-10-06 09:01:00,65,2,1,2,212,Low Value
15838.0,19,33643.08,2011-11-28 14:00:00,11,4,4,4,444,High Value
15839.0,3,1048.49,2011-11-06 13:54:00,33,3,3,3,333,High Value
15840.0,2,355.56,2011-10-12 09:08:00,59,2,2,2,222,Low Value
15841.0,4,1224.06,2011-09-28 12:15:00,73,2,3,3,233,Low Value
15843.0,1,118.95,2011-02-09 10:19:00,304,1,1,1,111,Low Value
15844.0,1,130.74,2011-10-24 15:19:00,46,3,1,1,311,Low Value
15845.0,8,3711.77,2011-11-22 09:42:00,18,4,4,4,444,High Value
15847.0,2,389.27,2011-11-01 14:41:00,38,3,2,2,322,Loyal
15850.0,2,238.85,2011-11-20 14:14:00,19,3,2,1,321,Loyal
15852.0,2,160.71,2011-06-06 11:22:00,187,1,2,1,121,Low Value
15853.0,1,110.8,2011-10-19 10:38:00,52,2,1,1,211,Low Value
15854.0,12,2974.65,2011-12-05 13:39:00,4,4,4,4,444,High Value
15855.0,5,712.24,2011-07-26 10:20:00,137,2,4,3,243,Low Value
15856.0,27,16387.57,2011-12-05 17:09:00,4,4,4,4,444,High Value
15857.0,1,297.0,2011-11-21 12:18:00,19,3,1,1,311,Low Value
15858.0,5,1438.85,2011-11-24 12:48:00,16,4,4,3,443,High Value
15860.0,8,977.21,2011-10-30 11:25:00,41,3,4,3,343,High Value
15861.0,8,3165.36,2011-11-27 15:59:00,12,4,4,4,444,High Value
15862.0,4,832.88,2011-12-01 13:28:00,8,4,3,3,433,High Value
15863.0,2,68.84,2011-11-14 12:49:00,26,3,2,1,321,Loyal
15864.0,6,1936.32,2011-11-17 13:32:00,22,3,4,4,344,High Value
15865.0,3,895.13,2011-10-30 12:43:00,41,3,3,3,333,High Value
15866.0,1,230.53,2011-08-30 14:09:00,101,2,1,1,211,Low Value
15867.0,15,3812.64,2011-12-04 13:32:00,5,4,4,4,444,High Value
15869.0,2,149.64,2011-03-07 17:23:00,277,1,2,1,121,Low Value
15870.0,1,354.09,2011-11-07 10:58:00,33,3,1,2,312,Low Value
15872.0,2,360.93,2011-11-25 11:55:00,15,4,2,2,422,Loyal
15874.0,7,4405.88,2011-10-07 12:31:00,64,2,4,4,244,Low Value
15877.0,2,493.28,2011-12-08 11:53:00,2,4,2,2,422,Loyal
15880.0,1,343.28,2010-12-05 13:00:00,369,1,1,2,112,Low Value
15881.0,5,501.39,2011-01-31 16:59:00,312,1,4,2,142,Low Value
15882.0,4,516.36,2011-05-25 11:35:00,199,1,3,2,132,Low Value
15883.0,2,396.48,2011-12-07 17:05:00,2,4,2,2,422,Loyal
15885.0,3,379.35,2011-09-08 10:43:00,93,2,3,2,232,Low Value
15886.0,1,181.09,2011-10-10 14:25:00,60,2,1,1,211,Low Value
15888.0,1,168.31,2011-09-20 12:30:00,81,2,1,1,211,Low Value
15889.0,2,446.87,2011-07-06 11:10:00,157,1,2,2,122,Low Value
15891.0,1,524.52,2011-04-27 12:35:00,227,1,1,2,112,Low Value
15894.0,2,263.55,2011-03-31 13:50:00,253,1,2,1,121,Low Value
15895.0,1,179.17,2011-07-13 10:27:00,150,1,1,1,111,Low Value
15897.0,2,222.05,2011-05-29 13:50:00,194,1,2,1,121,Low Value
15898.0,5,1388.88,2011-12-08 15:23:00,1,4,4,3,443,High Value
15899.0,1,56.25,2010-12-06 10:36:00,369,1,1,1,111,Low Value
15900.0,1,351.11,2011-11-16 12:19:00,24,3,1,2,312,Low Value
15901.0,3,363.88,2011-11-23 12:43:00,17,4,3,2,432,Loyal
15903.0,7,5126.76,2011-11-30 08:08:00,10,4,4,4,444,High Value
15904.0,1,164.68,2011-12-01 14:50:00,8,4,1,1,411,Low Value
15906.0,7,1567.69,2011-11-20 12:24:00,20,3,4,3,343,High Value
15907.0,3,967.45,2011-12-06 12:21:00,4,4,3,3,433,High Value
15909.0,1,191.94,2011-06-19 10:38:00,174,1,1,1,111,Low Value
15910.0,8,1232.18,2011-12-09 10:51:00,1,4,4,3,443,High Value
15912.0,2,264.62,2011-06-14 14:29:00,178,1,2,1,121,Low Value
15916.0,8,1528.09,2011-11-23 13:46:00,16,4,4,3,443,High Value
15917.0,1,123.1,2011-04-06 10:40:00,248,1,1,1,111,Low Value
15918.0,2,334.23,2011-06-02 11:42:00,191,1,2,2,122,Low Value
15919.0,2,639.89,2011-11-20 11:28:00,20,3,2,2,322,Loyal
15920.0,4,167.5,2011-07-08 15:31:00,154,1,3,1,131,Low Value
15921.0,1,336.03,2011-06-20 11:03:00,173,1,1,2,112,Low Value
15922.0,1,369.5,2010-12-01 13:51:00,373,1,1,2,112,Low Value
15923.0,1,127.08,2010-12-02 12:16:00,373,1,1,1,111,Low Value
15925.0,1,207.15,2011-05-29 15:35:00,194,1,1,1,111,Low Value
15930.0,1,426.63,2011-10-03 14:52:00,67,2,1,2,212,Low Value
15932.0,8,2495.87,2011-12-05 17:13:00,4,4,4,4,444,High Value
15933.0,3,1107.46,2011-11-18 13:14:00,21,3,3,3,333,High Value
15935.0,2,416.86,2011-04-14 13:27:00,239,1,2,2,122,Low Value
15937.0,1,145.35,2011-10-06 15:48:00,64,2,1,1,211,Low Value
15938.0,5,404.58,2011-08-19 12:56:00,112,2,4,2,242,Low Value
15939.0,15,6115.01,2011-09-11 11:30:00,90,2,4,4,244,Low Value
15940.0,1,35.8,2011-02-01 16:18:00,311,1,1,1,111,Low Value
15942.0,1,337.44,2011-07-29 09:01:00,134,2,1,2,212,Low Value
15944.0,1,325.1,2011-03-08 10:33:00,277,1,1,2,112,Low Value
15945.0,1,181.0,2010-12-09 13:14:00,365,1,1,1,111,Low Value
15947.0,1,1708.24,2011-09-18 10:46:00,83,2,1,4,214,Low Value
15948.0,2,955.24,2011-12-01 15:32:00,8,4,2,3,423,Loyal
15949.0,2,364.72,2011-11-23 09:09:00,17,4,2,2,422,Loyal
15950.0,4,1765.51,2011-11-08 11:09:00,32,3,3,4,334,High Value
15951.0,2,708.22,2011-12-01 08:34:00,9,4,2,3,423,Loyal
15952.0,4,806.57,2011-11-06 11:18:00,34,3,3,3,333,High Value
15953.0,8,1659.38,2011-11-24 15:32:00,15,4,4,3,443,High Value
15955.0,14,4416.26,2011-11-15 14:15:00,24,3,4,4,344,High Value
15957.0,1,428.89,2011-11-08 12:14:00,32,3,1,2,312,Low Value
15958.0,1,104.35,2011-09-26 13:41:00,74,2,1,1,211,Low Value
15963.0,2,470.76,2011-11-20 11:33:00,20,3,2,2,322,Loyal
15965.0,4,845.64,2011-11-22 16:44:00,17,4,3,3,433,High Value
15967.0,2,418.83,2011-11-16 15:41:00,23,3,2,2,322,Loyal
15969.0,3,666.1,2011-12-07 11:06:00,3,4,3,2,432,Loyal
15970.0,1,314.1,2011-02-09 12:08:00,304,1,1,2,112,Low Value
15971.0,12,4199.85,2011-11-22 12:50:00,18,4,4,4,444,High Value
15973.0,1,307.82,2010-12-08 11:42:00,367,1,1,2,112,Low Value
15974.0,7,3442.15,2011-10-31 13:13:00,39,3,4,4,344,High Value
15975.0,1,371.01,2011-09-16 13:33:00,84,2,1,2,212,Low Value
15976.0,2,430.94,2011-06-27 13:00:00,165,1,2,2,122,Low Value
15977.0,2,1054.73,2011-11-22 13:29:00,17,4,2,3,423,Loyal
15978.0,1,1098.78,2011-09-23 15:21:00,77,2,1,3,213,Low Value
15980.0,3,2398.86,2011-09-12 09:41:00,89,2,3,4,234,Low Value
15981.0,8,3408.48,2011-11-15 08:00:00,25,3,4,4,344,High Value
15983.0,4,1475.02,2011-11-17 17:34:00,22,3,3,3,333,High Value
15984.0,10,2837.67,2011-12-07 12:16:00,3,4,4,4,444,High Value
15985.0,2,1142.42,2011-08-08 16:31:00,123,2,2,3,223,Low Value
15986.0,1,168.12,2011-11-09 15:17:00,30,3,1,1,311,Low Value
15987.0,7,1451.28,2011-11-27 15:38:00,12,4,4,3,443,High Value
15988.0,1,158.03,2011-11-20 13:23:00,19,3,1,1,311,Low Value
15990.0,2,792.11,2011-10-26 15:58:00,44,3,2,3,323,Loyal
15992.0,1,41.99,2011-12-06 11:00:00,4,4,1,1,411,Low Value
15993.0,7,2797.57,2011-12-01 10:45:00,9,4,4,4,444,High Value
15994.0,1,427.07,2011-10-16 12:28:00,55,2,1,2,212,Low Value
15996.0,6,1060.68,2011-09-12 15:14:00,88,2,4,3,243,Low Value
15998.0,5,3089.97,2011-11-03 12:45:00,37,3,4,4,344,High Value
16000.0,3,12393.7,2011-12-07 12:17:00,3,4,3,4,434,High Value
16003.0,5,2735.37,2011-11-10 09:57:00,30,3,4,4,344,High Value
16005.0,4,615.39,2011-11-27 13:47:00,12,4,3,2,432,Loyal
16006.0,1,101.4,2011-05-12 13:12:00,211,1,1,1,111,Low Value
16007.0,4,1701.94,2011-10-23 11:05:00,48,3,3,4,334,High Value
16008.0,3,478.78,2011-11-16 10:32:00,24,3,3,2,332,Loyal
16009.0,4,992.71,2011-11-17 16:51:00,22,3,3,3,333,High Value
16010.0,3,407.5,2011-04-08 10:14:00,246,1,3,2,132,Low Value
16011.0,16,3362.71,2011-12-01 16:31:00,8,4,4,4,444,High Value
16012.0,3,1415.29,2011-11-04 13:25:00,35,3,3,3,333,High Value
16013.0,47,37130.6,2011-12-06 10:36:00,4,4,4,4,444,High Value
16014.0,3,662.38,2011-11-02 12:04:00,38,3,3,2,332,Loyal
16015.0,3,705.39,2011-12-06 10:58:00,4,4,3,3,433,High Value
16016.0,8,1508.76,2011-12-06 14:35:00,3,4,4,3,443,High Value
16017.0,1,211.88,2011-10-23 12:56:00,47,3,1,1,311,Low Value
16018.0,2,408.9,2011-10-31 14:13:00,39,3,2,2,322,Loyal
16019.0,9,3786.24,2011-10-24 11:51:00,47,3,4,4,344,High Value
16020.0,3,851.01,2011-11-23 11:18:00,17,4,3,3,433,High Value
16022.0,1,628.28,2011-03-24 13:16:00,260,1,1,2,112,Low Value
16023.0,3,719.81,2011-10-24 16:34:00,46,3,3,3,333,High Value
16024.0,1,251.24,2011-11-27 13:26:00,12,4,1,1,411,Low Value
16025.0,1,439.66,2011-11-10 11:45:00,30,3,1,2,312,Low Value
16026.0,1,236.09,2011-10-27 13:53:00,43,3,1,1,311,Low Value
16027.0,6,934.62,2011-09-09 10:47:00,92,2,4,3,243,Low Value
16029.0,63,81024.84,2011-11-01 10:27:00,39,3,4,4,344,High Value
16030.0,1,331.24,2011-02-03 11:28:00,310,1,1,2,112,Low Value
16031.0,2,548.94,2011-09-08 13:07:00,92,2,2,2,222,Low Value
16033.0,20,8816.4,2011-12-04 12:44:00,6,4,4,4,444,High Value
16034.0,3,437.7,2011-05-27 16:17:00,196,1,3,2,132,Low Value
16036.0,2,758.92,2011-09-13 14:53:00,87,2,2,3,223,Low Value
16037.0,3,855.02,2011-03-15 09:13:00,270,1,3,3,133,Low Value
16038.0,3,471.78,2011-12-02 12:40:00,8,4,3,2,432,Loyal
16040.0,3,1313.55,2011-10-05 13:47:00,65,2,3,3,233,Low Value
16041.0,3,3166.4,2011-11-09 12:25:00,31,3,3,4,334,High Value
16042.0,5,1197.27,2011-11-17 17:50:00,22,3,4,3,343,High Value
16043.0,4,773.99,2011-11-02 12:50:00,38,3,3,3,333,High Value
16045.0,4,1340.7,2011-08-12 12:41:00,120,2,3,3,233,Low Value
16048.0,2,256.44,2010-12-01 15:28:00,373,1,2,1,121,Low Value
16049.0,3,1111.79,2011-10-30 13:19:00,40,3,3,3,333,High Value
16050.0,1,137.9,2011-06-19 11:44:00,174,1,1,1,111,Low Value
16052.0,1,362.06,2011-10-16 15:13:00,54,2,1,2,212,Low Value
16053.0,2,1511.95,2011-11-07 11:21:00,33,3,2,3,323,Loyal
16054.0,1,783.9,2011-07-17 13:08:00,145,1,1,3,113,Low Value
16055.0,1,134.8,2011-05-03 09:26:00,221,1,1,1,111,Low Value
16056.0,1,664.85,2011-10-25 15:19:00,45,3,1,2,312,Low Value
16057.0,7,2263.12,2011-11-23 15:23:00,16,4,4,4,444,High Value
16059.0,6,1459.86,2011-10-05 09:56:00,66,2,4,3,243,Low Value
16062.0,4,1153.62,2011-11-30 12:15:00,10,4,3,3,433,High Value
16063.0,1,335.32,2011-03-24 14:56:00,260,1,1,2,112,Low Value
16065.0,1,372.09,2010-12-09 13:03:00,365,1,1,2,112,Low Value
16066.0,5,1521.87,2011-11-23 11:54:00,17,4,4,3,443,High Value
16070.0,2,852.15,2011-11-17 15:50:00,22,3,2,3,323,Loyal
16071.0,1,326.24,2011-10-26 11:14:00,45,3,1,2,312,Low Value
16072.0,1,584.32,2011-02-24 14:32:00,288,1,1,2,112,Low Value
16073.0,1,122.4,2011-02-15 15:41:00,297,1,1,1,111,Low Value
16076.0,10,2234.73,2011-12-06 14:59:00,3,4,4,4,444,High Value
16078.0,1,79.2,2011-03-01 09:47:00,284,1,1,1,111,Low Value
16079.0,3,1352.0,2011-11-23 12:48:00,17,4,3,3,433,High Value
16080.0,2,217.16,2011-09-19 10:42:00,82,2,2,1,221,Low Value
16081.0,5,2806.9,2011-10-14 13:06:00,56,2,4,4,244,Low Value
16083.0,2,1317.62,2011-08-31 10:47:00,101,2,2,3,223,Low Value
16084.0,1,436.18,2011-02-13 16:05:00,299,1,1,2,112,Low Value
16085.0,5,981.51,2011-11-16 13:24:00,23,3,4,3,343,High Value
16086.0,5,1121.39,2011-10-11 13:09:00,59,2,4,3,243,Low Value
16091.0,2,315.06,2011-07-08 08:45:00,155,1,2,2,122,Low Value
16092.0,3,817.86,2011-08-17 10:46:00,115,2,3,3,233,Low Value
16093.0,1,17.0,2011-08-25 11:09:00,107,2,1,1,211,Low Value
16094.0,4,1078.23,2011-11-28 12:45:00,12,4,3,3,433,High Value
16096.0,1,320.62,2011-03-20 13:38:00,264,1,1,2,112,Low Value
16097.0,1,185.05,2011-04-13 13:47:00,240,1,1,1,111,Low Value
16098.0,7,2005.63,2011-09-13 09:59:00,88,2,4,4,244,Low Value
16099.0,3,731.9,2011-10-20 13:13:00,50,3,3,3,333,High Value
16101.0,1,1290.7,2011-09-30 10:18:00,71,2,1,3,213,Low Value
16102.0,3,1842.14,2011-10-28 13:19:00,42,3,3,4,334,High Value
16103.0,6,1429.64,2011-12-02 14:16:00,7,4,4,3,443,High Value
16104.0,1,302.36,2011-10-09 10:23:00,62,2,1,1,211,Low Value
16105.0,1,336.96,2011-04-05 10:13:00,249,1,1,2,112,Low Value
16106.0,1,108.38,2011-10-05 10:37:00,66,2,1,1,211,Low Value
16107.0,7,3204.16,2011-11-22 09:40:00,18,4,4,4,444,High Value
16108.0,1,842.5,2011-09-16 11:48:00,85,2,1,3,213,Low Value
16109.0,2,611.88,2011-05-05 09:17:00,219,1,2,2,122,Low Value
16110.0,3,1337.48,2011-10-25 14:35:00,45,3,3,3,333,High Value
16112.0,4,195.74,2011-07-19 14:28:00,143,1,3,1,131,Low Value
16113.0,1,161.38,2011-06-09 16:16:00,183,1,1,1,111,Low Value
16114.0,1,135.75,2011-06-22 10:13:00,171,1,1,1,111,Low Value
16115.0,8,1667.97,2011-11-30 11:32:00,10,4,4,4,444,High Value
16116.0,1,612.78,2011-05-12 12:01:00,212,1,1,2,112,Low Value
16117.0,1,232.21,2011-06-03 11:42:00,190,1,1,1,111,Low Value
16119.0,2,423.36,2011-12-01 15:11:00,8,4,2,2,422,Loyal
16120.0,4,1309.14,2011-10-11 14:22:00,59,2,3,3,233,Low Value
16121.0,2,867.11,2011-10-13 12:59:00,57,2,2,3,223,Low Value
16122.0,4,684.42,2011-09-27 15:34:00,73,2,3,3,233,Low Value
16123.0,1,307.78,2011-10-19 09:18:00,52,2,1,2,212,Low Value
16124.0,1,249.0,2011-01-26 14:45:00,317,1,1,1,111,Low Value
16125.0,1,289.35,2010-12-07 15:48:00,367,1,1,1,111,Low Value
16126.0,4,6287.77,2011-11-10 16:03:00,29,3,3,4,334,High Value
16127.0,1,656.25,2011-10-31 13:58:00,39,3,1,2,312,Low Value
16128.0,5,1880.22,2011-11-22 11:14:00,18,4,4,4,444,High Value
16131.0,6,3506.54,2011-10-19 11:53:00,52,2,4,4,244,Low Value
16133.0,33,14589.04,2011-12-06 11:24:00,4,4,4,4,444,High Value
16134.0,2,618.09,2011-11-18 10:05:00,22,3,2,2,322,Loyal
16135.0,1,517.55,2011-03-22 12:30:00,263,1,1,2,112,Low Value
16136.0,3,709.38,2011-10-11 09:10:00,60,2,3,3,233,Low Value
16139.0,3,635.41,2011-11-21 08:37:00,19,3,3,2,332,Loyal
16140.0,2,725.18,2011-10-05 12:15:00,66,2,2,3,223,Low Value
16141.0,1,620.4,2011-09-12 13:11:00,88,2,1,2,212,Low Value
16142.0,1,535.34,2011-04-04 10:16:00,250,1,1,2,112,Low Value
16143.0,6,2424.94,2011-12-06 14:13:00,3,4,4,4,444,High Value
16144.0,1,175.2,2011-04-07 10:09:00,247,1,1,1,111,Low Value
16145.0,11,3799.49,2011-12-01 10:33:00,9,4,4,4,444,High Value
16146.0,3,734.13,2011-07-05 14:20:00,157,1,3,3,133,Low Value
16147.0,1,375.0,2011-07-29 09:57:00,134,2,1,2,212,Low Value
16148.0,1,76.32,2011-02-16 14:01:00,296,1,1,1,111,Low Value
16149.0,2,280.52,2011-12-05 11:29:00,5,4,2,1,421,Loyal
16150.0,5,2053.02,2011-10-28 12:39:00,43,3,4,4,344,High Value
16152.0,1,1829.04,2011-03-16 09:47:00,269,1,1,4,114,Low Value
16153.0,5,1824.23,2011-10-21 10:50:00,50,3,4,4,344,High Value
16156.0,9,3122.04,2011-12-01 12:42:00,9,4,4,4,444,High Value
16157.0,3,656.69,2011-11-24 11:41:00,16,4,3,2,432,Loyal
16159.0,1,348.2,2011-03-03 12:27:00,282,1,1,2,112,Low Value
16160.0,2,1025.44,2011-10-05 14:19:00,65,2,2,3,223,Low Value
16161.0,19,5575.56,2011-12-08 12:10:00,2,4,4,4,444,High Value
16162.0,1,37.4,2011-04-01 15:03:00,252,1,1,1,111,Low Value
16163.0,2,856.6,2011-04-21 15:15:00,232,1,2,3,123,Low Value
16164.0,3,822.48,2011-11-22 15:04:00,17,4,3,3,433,High Value
16168.0,27,3787.6,2011-11-29 12:45:00,11,4,4,4,444,High Value
16169.0,4,1822.97,2011-12-01 15:28:00,8,4,3,4,434,High Value
16170.0,6,1885.05,2011-10-20 08:21:00,51,3,4,4,344,High Value
16171.0,1,73.2,2011-10-11 14:51:00,59,2,1,1,211,Low Value
16172.0,5,1140.21,2011-09-05 13:22:00,95,2,4,3,243,Low Value
16173.0,6,1418.32,2011-11-24 10:53:00,16,4,4,3,443,High Value
16174.0,3,1009.55,2011-08-05 13:26:00,126,2,3,3,233,Low Value
16175.0,4,1037.59,2011-09-06 14:32:00,94,2,3,3,233,Low Value
16177.0,1,331.95,2011-10-20 12:57:00,50,3,1,2,312,Low Value
16178.0,1,197.9,2011-07-24 16:05:00,138,2,1,1,211,Low Value
16179.0,1,215.83,2011-10-10 09:41:00,61,2,1,1,211,Low Value
16180.0,8,10254.18,2011-08-31 16:28:00,100,2,4,4,244,Low Value
16181.0,1,305.54,2011-09-27 13:38:00,73,2,1,1,211,Low Value
16182.0,4,6617.65,2011-09-28 13:23:00,72,2,3,4,234,Low Value
16183.0,1,338.71,2011-10-03 14:59:00,67,2,1,2,212,Low Value
16184.0,6,1158.79,2011-10-06 17:43:00,64,2,4,3,243,Low Value
16185.0,2,529.41,2011-11-23 09:41:00,17,4,2,2,422,Loyal
16186.0,12,4006.94,2011-11-17 12:43:00,23,3,4,4,344,High Value
16187.0,15,6911.44,2011-11-08 09:50:00,32,3,4,4,344,High Value
16188.0,4,981.86,2011-10-26 12:19:00,45,3,3,3,333,High Value
16189.0,2,215.48,2011-11-24 11:47:00,16,4,2,1,421,Loyal
16190.0,1,215.08,2011-10-30 15:59:00,40,3,1,1,311,Low Value
16191.0,13,5180.52,2011-12-07 11:26:00,3,4,4,4,444,High Value
16193.0,1,314.45,2011-04-17 11:45:00,237,1,1,2,112,Low Value
16198.0,1,400.68,2011-09-25 14:58:00,75,2,1,2,212,Low Value
16200.0,2,1080.62,2011-12-05 14:40:00,4,4,2,3,423,Loyal
16201.0,4,1863.47,2011-12-06 16:02:00,3,4,3,4,434,High Value
16202.0,1,365.27,2010-12-14 10:43:00,361,1,1,2,112,Low Value
16203.0,4,592.9,2011-10-12 12:31:00,59,2,3,2,232,Low Value
16204.0,1,405.71,2011-11-16 13:40:00,23,3,1,2,312,Low Value
16205.0,4,761.38,2011-11-09 09:32:00,31,3,3,3,333,High Value
16206.0,4,537.06,2011-10-16 10:41:00,55,2,3,2,232,Low Value
16207.0,1,394.38,2011-11-14 13:51:00,25,3,1,2,312,Low Value
16208.0,2,664.26,2011-10-26 11:36:00,45,3,2,2,322,Loyal
16209.0,5,2262.62,2011-09-12 11:58:00,89,2,4,4,244,Low Value
16210.0,18,21086.3,2011-12-08 12:36:00,2,4,4,4,444,High Value
16211.0,1,547.02,2011-09-12 12:11:00,89,2,1,2,212,Low Value
16212.0,2,690.34,2011-11-20 13:00:00,19,3,2,3,323,Loyal
16213.0,1,159.0,2011-09-22 10:03:00,79,2,1,1,211,Low Value
16214.0,3,1062.75,2011-06-22 11:30:00,171,1,3,3,133,Low Value
16215.0,1,242.35,2011-09-20 10:18:00,81,2,1,1,211,Low Value
16216.0,1,914.93,2011-03-17 15:34:00,267,1,1,3,113,Low Value
16217.0,2,304.25,2011-04-18 13:31:00,235,1,2,1,121,Low Value
16218.0,7,3084.68,2011-11-10 09:59:00,30,3,4,4,344,High Value
16221.0,3,864.86,2011-11-03 11:43:00,37,3,3,3,333,High Value
16222.0,1,846.72,2011-01-25 13:38:00,318,1,1,3,113,Low Value
16224.0,4,1295.3,2011-10-13 17:51:00,57,2,3,3,233,Low Value
16225.0,5,1096.32,2011-10-26 08:30:00,45,3,4,3,343,High Value
16226.0,3,255.12,2011-05-20 14:41:00,203,1,3,1,131,Low Value
16227.0,1,314.22,2011-04-28 13:33:00,225,1,1,2,112,Low Value
16229.0,2,1010.6,2011-09-13 17:16:00,87,2,2,3,223,Low Value
16230.0,2,542.03,2011-06-03 10:06:00,190,1,2,2,122,Low Value
16232.0,4,990.88,2011-10-27 12:16:00,44,3,3,3,333,High Value
16233.0,3,536.68,2011-09-29 17:27:00,71,2,3,2,232,Low Value
16235.0,5,867.31,2011-10-30 10:56:00,41,3,4,3,343,High Value
16236.0,1,432.2,2011-09-22 14:10:00,78,2,1,2,212,Low Value
16239.0,2,414.2,2011-10-14 08:29:00,57,2,2,2,222,Low Value
16240.0,2,3718.8,2011-11-15 14:30:00,24,3,2,4,324,Loyal
16241.0,13,2607.87,2011-11-30 11:08:00,10,4,4,4,444,High Value
16242.0,7,3603.21,2011-12-01 15:12:00,8,4,4,4,444,High Value
16243.0,2,409.1,2011-11-06 12:32:00,34,3,2,2,322,Loyal
16244.0,2,1522.75,2011-05-12 10:18:00,212,1,2,3,123,Low Value
16245.0,3,1413.66,2011-11-16 10:14:00,24,3,3,3,333,High Value
16247.0,1,114.56,2011-06-22 14:23:00,170,1,1,1,111,Low Value
16248.0,1,152.94,2011-10-09 11:32:00,62,2,1,1,211,Low Value
16249.0,5,1800.07,2011-10-18 10:07:00,53,2,4,4,244,Low Value
16250.0,2,389.44,2011-03-23 15:07:00,261,1,2,2,122,Low Value
16253.0,2,3683.86,2011-10-04 09:09:00,67,2,2,4,224,Low Value
16255.0,8,2619.91,2011-11-23 12:40:00,17,4,4,4,444,High Value
16256.0,1,752.43,2011-03-18 12:18:00,267,1,1,3,113,Low Value
16257.0,1,46.95,2011-06-16 10:11:00,177,1,1,1,111,Low Value
16258.0,5,5203.51,2011-10-25 13:30:00,45,3,4,4,344,High Value
16260.0,1,1035.45,2011-10-20 09:40:00,51,3,1,3,313,Low Value
16261.0,4,746.83,2011-11-22 17:23:00,17,4,3,3,433,High Value
16265.0,9,5447.0,2011-11-30 16:41:00,9,4,4,4,444,High Value
16266.0,7,861.89,2011-09-27 12:08:00,74,2,4,3,243,Low Value
16268.0,2,667.65,2011-09-29 18:30:00,71,2,2,2,222,Low Value
16270.0,1,1141.24,2010-12-21 14:26:00,353,1,1,3,113,Low Value
16271.0,5,1429.24,2011-12-07 12:45:00,3,4,4,3,443,High Value
16272.0,1,411.7,2011-08-15 10:54:00,117,2,1,2,212,Low Value
16274.0,1,357.95,2010-12-01 15:35:00,373,1,1,2,112,Low Value
16275.0,1,559.87,2011-05-27 12:41:00,197,1,1,2,112,Low Value
16276.0,1,810.6,2011-06-16 09:34:00,177,1,1,3,113,Low Value
16278.0,1,566.38,2011-08-31 17:12:00,100,2,1,2,212,Low Value
16279.0,3,1509.58,2011-11-18 15:00:00,21,3,3,3,333,High Value
16281.0,1,2062.06,2011-09-28 14:57:00,72,2,1,4,214,Low Value
16282.0,1,168.3,2011-01-04 11:42:00,340,1,1,1,111,Low Value
16283.0,5,1570.81,2011-12-04 12:08:00,6,4,4,3,443,High Value
16284.0,2,823.97,2011-11-08 16:12:00,31,3,2,3,323,Loyal
16287.0,1,142.5,2011-06-23 09:08:00,170,1,1,1,111,Low Value
16292.0,1,302.25,2011-08-10 12:24:00,122,2,1,1,211,Low Value
16293.0,10,2248.99,2011-11-18 09:58:00,22,3,4,4,344,High Value
16295.0,4,1328.55,2011-11-30 08:17:00,10,4,3,3,433,High Value
16297.0,1,301.9,2011-03-16 08:29:00,269,1,1,1,111,Low Value
16298.0,3,598.2,2011-11-17 11:59:00,23,3,3,2,332,Loyal
16302.0,1,233.22,2011-08-05 09:44:00,127,2,1,1,211,Low Value
16303.0,3,5360.63,2011-11-14 10:49:00,26,3,3,4,334,High Value
16305.0,1,361.22,2011-07-24 12:18:00,139,2,1,2,212,Low Value
16306.0,6,632.27,2011-05-10 12:12:00,214,1,4,2,142,Low Value
16308.0,4,2560.0,2011-11-02 11:24:00,38,3,3,4,334,High Value
16309.0,2,706.57,2011-08-25 15:35:00,106,2,2,3,223,Low Value
16311.0,2,616.26,2011-11-22 08:54:00,18,4,2,2,422,Loyal
16313.0,2,274.15,2011-12-06 13:02:00,3,4,2,1,421,Loyal
16315.0,1,226.37,2011-01-13 11:57:00,331,1,1,1,111,Low Value
16316.0,8,2938.91,2011-10-06 13:48:00,64,2,4,4,244,Low Value
16317.0,3,1341.65,2011-08-12 12:46:00,120,2,3,3,233,Low Value
16318.0,1,328.15,2011-11-04 13:05:00,35,3,1,2,312,Low Value
16319.0,1,404.4,2011-05-06 11:27:00,218,1,1,2,112,Low Value
16320.0,2,1038.46,2011-06-20 15:25:00,172,1,2,3,123,Low Value
16321.0,5,373.65,2011-09-28 14:55:00,72,2,4,2,242,Low Value
16322.0,2,326.75,2011-12-08 15:41:00,1,4,2,2,422,Loyal
16323.0,1,207.5,2011-05-27 14:48:00,196,1,1,1,111,Low Value
16324.0,3,428.68,2011-08-03 12:58:00,128,2,3,2,232,Low Value
16325.0,3,594.24,2011-10-24 08:48:00,47,3,3,2,332,Loyal
16326.0,14,3110.96,2011-12-04 10:11:00,6,4,4,4,444,High Value
16327.0,6,3844.22,2011-11-25 13:23:00,14,4,4,4,444,High Value
16330.0,3,251.91,2011-11-22 12:24:00,18,4,3,1,431,Loyal
16332.0,7,1593.2,2011-11-11 14:22:00,28,3,4,3,343,High Value
16333.0,22,26626.8,2011-12-02 12:19:00,8,4,4,4,444,High Value
16337.0,1,151.05,2011-11-03 10:03:00,37,3,1,1,311,Low Value
16338.0,1,214.8,2011-07-05 13:56:00,157,1,1,1,111,Low Value
16339.0,1,109.95,2011-02-28 13:41:00,284,1,1,1,111,Low Value
16340.0,1,549.07,2011-08-24 14:53:00,107,2,1,2,212,Low Value
16341.0,4,1971.87,2011-11-15 09:12:00,25,3,3,4,334,High Value
16342.0,4,322.41,2011-09-25 14:36:00,75,2,3,2,232,Low Value
16343.0,2,370.48,2011-11-23 17:45:00,16,4,2,2,422,Loyal
16344.0,1,101.1,2011-07-04 15:50:00,158,1,1,1,111,Low Value
16345.0,1,575.41,2011-10-26 16:03:00,44,3,1,2,312,Low Value
16347.0,2,887.65,2011-11-28 13:14:00,11,4,2,3,423,Loyal
16348.0,7,1469.45,2011-11-07 15:44:00,32,3,4,3,343,High Value
16349.0,1,53.5,2011-02-22 12:40:00,291,1,1,1,111,Low Value
16350.0,4,1116.47,2011-11-18 15:53:00,21,3,3,3,333,High Value
16351.0,1,153.9,2011-01-11 10:26:00,333,1,1,1,111,Low Value
16352.0,2,494.44,2011-11-22 10:32:00,18,4,2,2,422,Loyal
16353.0,23,6675.71,2011-12-06 12:23:00,4,4,4,4,444,High Value
16354.0,2,395.8,2011-10-07 14:28:00,63,2,2,2,222,Low Value
16356.0,3,211.77,2011-05-26 11:51:00,198,1,3,1,131,Low Value
16357.0,3,658.88,2011-11-06 16:04:00,33,3,3,2,332,Loyal
16358.0,4,2027.5,2011-12-08 15:09:00,1,4,3,4,434,High Value
16359.0,9,1750.92,2011-12-02 17:04:00,7,4,4,4,444,High Value
16360.0,6,3512.53,2011-12-05 12:16:00,5,4,4,4,444,High Value
16361.0,4,896.66,2011-11-30 12:32:00,10,4,3,3,433,High Value
16362.0,5,734.77,2011-11-07 13:01:00,32,3,4,3,343,High Value
16363.0,1,109.36,2011-10-17 14:14:00,53,2,1,1,211,Low Value
16364.0,2,707.04,2011-11-28 11:27:00,12,4,2,3,423,Loyal
16365.0,9,1540.42,2011-11-22 11:24:00,18,4,4,3,443,High Value
16366.0,1,327.3,2011-11-21 08:19:00,19,3,1,2,312,Low Value
16367.0,2,804.49,2011-11-02 13:13:00,37,3,2,3,323,Loyal
16368.0,2,497.43,2011-12-07 13:12:00,2,4,2,2,422,Loyal
16369.0,3,1553.66,2011-11-21 16:25:00,18,4,3,3,433,High Value
16370.0,4,1320.56,2011-09-18 15:55:00,82,2,3,3,233,Low Value
16372.0,2,367.93,2011-11-06 13:08:00,33,3,2,2,322,Loyal
16374.0,2,473.03,2011-10-04 15:21:00,66,2,2,2,222,Low Value
16376.0,2,987.01,2011-12-01 11:38:00,9,4,2,3,423,Loyal
16377.0,1,676.2,2011-03-17 15:41:00,267,1,1,3,113,Low Value
16378.0,3,362.95,2011-04-06 15:07:00,247,1,3,2,132,Low Value
16379.0,4,2157.4,2011-12-05 15:38:00,4,4,3,4,434,High Value
16380.0,1,1780.59,2011-10-09 15:40:00,61,2,1,4,214,Low Value
16383.0,2,668.36,2011-09-26 12:45:00,75,2,2,2,222,Low Value
16384.0,2,584.5,2011-09-11 11:19:00,90,2,2,2,222,Low Value
16385.0,3,555.89,2011-10-10 13:12:00,60,2,3,2,232,Low Value
16386.0,2,317.2,2011-11-11 12:28:00,29,3,2,2,322,Loyal
16387.0,1,94.36,2011-01-21 11:34:00,323,1,1,1,111,Low Value
16389.0,4,1382.07,2011-10-17 14:41:00,53,2,3,3,233,Low Value
16392.0,1,221.19,2011-03-15 12:11:00,270,1,1,1,111,Low Value
16393.0,13,3046.21,2011-12-07 12:51:00,2,4,4,4,444,High Value
16394.0,5,1555.34,2011-10-14 09:48:00,57,2,4,3,243,Low Value
16395.0,5,1486.9,2011-10-10 12:50:00,61,2,4,3,243,Low Value
16398.0,2,1705.8,2011-07-08 15:16:00,154,1,2,4,124,Low Value
16399.0,2,408.57,2011-11-20 16:12:00,19,3,2,2,322,Loyal
16400.0,1,303.93,2011-09-06 12:27:00,95,2,1,1,211,Low Value
16401.0,12,4098.32,2011-12-08 18:15:00,1,4,4,4,444,High Value
16402.0,2,299.6,2011-03-20 12:25:00,265,1,2,1,121,Low Value
16403.0,1,177.5,2011-01-31 13:39:00,312,1,1,1,111,Low Value
16404.0,1,443.05,2011-09-30 14:55:00,70,2,1,2,212,Low Value
16405.0,2,167.25,2011-02-10 15:24:00,302,1,2,1,121,Low Value
16406.0,1,163.07,2011-11-21 11:57:00,19,3,1,1,311,Low Value
16407.0,10,2126.93,2011-11-27 11:05:00,13,4,4,4,444,High Value
16409.0,5,2028.88,2011-11-03 16:45:00,36,3,4,4,344,High Value
16411.0,2,214.65,2011-11-20 13:23:00,19,3,2,1,321,Loyal
16412.0,1,151.83,2011-10-17 12:35:00,54,2,1,1,211,Low Value
16413.0,1,262.2,2011-10-14 12:08:00,57,2,1,1,211,Low Value
16414.0,2,126.25,2011-11-18 09:42:00,22,3,2,1,321,Loyal
16415.0,1,210.35,2011-10-26 13:35:00,44,3,1,1,311,Low Value
16416.0,3,1051.4,2011-11-13 12:50:00,27,3,3,3,333,High Value
16418.0,3,675.27,2011-10-26 12:39:00,45,3,3,3,333,High Value
16419.0,6,972.23,2011-08-19 12:33:00,113,2,4,3,243,Low Value
16422.0,51,34684.4,2011-11-22 14:00:00,17,4,4,4,444,High Value
16423.0,1,346.12,2011-11-15 09:21:00,25,3,1,2,312,Low Value
16424.0,1,133.56,2011-06-01 13:40:00,191,1,1,1,111,Low Value
16425.0,1,302.7,2011-02-10 14:30:00,302,1,1,1,111,Low Value
16426.0,10,1908.25,2011-12-07 14:01:00,2,4,4,4,444,High Value
16427.0,2,241.06,2011-03-21 17:10:00,263,1,2,1,121,Low Value
16429.0,1,284.55,2011-08-25 13:54:00,106,2,1,1,211,Low Value
16430.0,1,300.85,2011-10-13 14:47:00,57,2,1,1,211,Low Value
16431.0,3,642.81,2011-05-10 14:09:00,213,1,3,2,132,Low Value
16432.0,1,287.4,2011-10-06 13:59:00,64,2,1,1,211,Low Value
16433.0,1,184.26,2011-11-11 14:09:00,28,3,1,1,311,Low Value
16434.0,7,1522.25,2011-11-10 14:28:00,29,3,4,3,343,High Value
16438.0,5,798.35,2011-12-04 10:51:00,6,4,4,3,443,High Value
16440.0,5,3640.67,2011-12-02 12:02:00,8,4,4,4,444,High Value
16441.0,2,381.2,2011-10-03 17:48:00,67,2,2,2,222,Low Value
16442.0,3,616.79,2011-12-08 11:43:00,2,4,3,2,432,Loyal
16444.0,4,654.67,2011-10-24 13:50:00,46,3,3,2,332,Loyal
16445.0,1,230.51,2011-11-06 12:32:00,34,3,1,1,311,Low Value
16446.0,2,168472.5,2011-12-09 09:15:00,1,4,2,4,424,Loyal
16447.0,1,259.01,2011-07-27 12:45:00,136,2,1,1,211,Low Value
16448.0,1,188.89,2011-05-25 16:28:00,198,1,1,1,111,Low Value
16449.0,2,707.69,2011-05-26 10:25:00,198,1,2,3,123,Low Value
16450.0,1,311.92,2011-07-13 11:47:00,150,1,1,2,112,Low Value
16451.0,1,266.97,2011-09-13 09:17:00,88,2,1,1,211,Low Value
16454.0,2,6.9,2011-10-26 11:40:00,45,3,2,1,321,Loyal
16455.0,7,1841.18,2011-10-07 12:17:00,64,2,4,4,244,Low Value
16456.0,5,2158.37,2011-09-01 13:50:00,99,2,4,4,244,Low Value
16457.0,1,208.36,2011-05-05 13:19:00,218,1,1,1,111,Low Value
16458.0,18,3482.74,2011-12-07 09:34:00,3,4,4,4,444,High Value
16460.0,3,814.72,2011-11-11 13:46:00,28,3,3,3,333,High Value
16461.0,1,151.42,2011-06-15 12:07:00,178,1,1,1,111,Low Value
16462.0,3,136.0,2011-09-27 10:24:00,74,2,3,1,231,Low Value
16463.0,4,1422.4,2011-11-18 14:01:00,21,3,3,3,333,High Value
16464.0,3,1314.68,2011-11-20 12:11:00,20,3,3,3,333,High Value
16466.0,7,1603.46,2011-11-06 11:35:00,34,3,4,3,343,High Value
16468.0,1,74.9,2011-09-26 14:13:00,74,2,1,1,211,Low Value
16469.0,4,650.43,2011-11-16 12:25:00,24,3,3,2,332,Loyal
16470.0,4,762.39,2011-10-19 12:11:00,52,2,3,3,233,Low Value
16471.0,1,223.95,2011-03-10 09:41:00,275,1,1,1,111,Low Value
16473.0,3,316.11,2011-06-28 09:10:00,165,1,3,2,132,Low Value
16474.0,7,1871.5,2011-12-02 13:02:00,7,4,4,4,444,High Value
16475.0,4,544.3,2011-09-12 14:37:00,88,2,3,2,232,Low Value
16477.0,7,2494.46,2011-10-07 09:44:00,64,2,4,4,244,Low Value
16478.0,3,331.0,2011-11-14 15:51:00,25,3,3,2,332,Loyal
16479.0,2,300.83,2011-11-29 13:40:00,10,4,2,1,421,Loyal
16480.0,1,769.29,2011-09-25 11:40:00,76,2,1,3,213,Low Value
16482.0,1,220.62,2011-11-24 12:33:00,16,4,1,1,411,Low Value
16483.0,1,139.35,2011-05-31 13:08:00,192,1,1,1,111,Low Value
16484.0,2,404.3,2011-06-19 12:06:00,174,1,2,2,122,Low Value
16485.0,1,363.65,2011-09-23 15:50:00,77,2,1,2,212,Low Value
16488.0,3,498.8,2011-11-06 13:42:00,33,3,3,2,332,Loyal
16491.0,1,731.5,2011-10-24 10:18:00,47,3,1,3,313,Low Value
16493.0,4,1351.63,2011-09-21 11:10:00,80,2,3,3,233,Low Value
16494.0,1,826.53,2011-02-16 12:49:00,297,1,1,3,113,Low Value
16495.0,3,684.41,2011-12-06 13:20:00,3,4,3,3,433,High Value
16496.0,3,1599.52,2011-12-01 10:31:00,9,4,3,3,433,High Value
16497.0,6,2965.69,2011-10-21 10:55:00,50,3,4,4,344,High Value
16498.0,2,100.97,2011-07-01 15:07:00,161,1,2,1,121,Low Value
16499.0,2,365.45,2010-12-14 13:31:00,360,1,2,2,122,Low Value
16500.0,6,400.86,2011-12-05 12:04:00,5,4,4,2,442,Loyal
16503.0,4,1431.93,2011-08-25 11:46:00,107,2,3,3,233,Low Value
16504.0,1,484.38,2011-11-14 15:18:00,25,3,1,2,312,Low Value
16505.0,1,777.6,2011-11-08 12:14:00,32,3,1,3,313,Low Value
16506.0,2,90.3,2011-11-20 12:17:00,20,3,2,1,321,Loyal
16509.0,1,363.7,2011-02-16 09:25:00,297,1,1,2,112,Low Value
16510.0,1,248.1,2010-12-02 13:39:00,372,1,1,1,111,Low Value
16511.0,3,950.26,2011-11-18 10:41:00,22,3,3,3,333,High Value
16513.0,4,874.59,2011-12-05 10:18:00,5,4,3,3,433,High Value
16515.0,5,1627.13,2011-10-18 13:10:00,52,2,4,3,243,Low Value
16516.0,1,101.7,2011-11-09 14:59:00,30,3,1,1,311,Low Value
16517.0,1,162.7,2011-03-07 13:50:00,277,1,1,1,111,Low Value
16518.0,2,484.32,2011-10-09 15:04:00,61,2,2,2,222,Low Value
16519.0,2,215.08,2011-11-14 15:41:00,25,3,2,1,321,Loyal
16520.0,3,1046.57,2011-06-06 13:24:00,186,1,3,3,133,Low Value
16523.0,21,9418.47,2011-12-08 09:06:00,2,4,4,4,444,High Value
16525.0,26,13027.45,2011-12-07 15:07:00,2,4,4,4,444,High Value
16526.0,1,290.36,2011-06-21 12:02:00,172,1,1,1,111,Low Value
16527.0,1,228.06,2011-09-19 16:21:00,81,2,1,1,211,Low Value
16528.0,1,244.41,2011-12-06 12:45:00,4,4,1,1,411,Low Value
16529.0,1,455.25,2011-06-02 17:23:00,190,1,1,2,112,Low Value
16531.0,7,1244.59,2011-11-17 16:29:00,22,3,4,3,343,High Value
16532.0,3,6748.8,2011-11-22 11:08:00,18,4,3,4,434,High Value
16533.0,3,1095.56,2011-11-20 13:08:00,19,3,3,3,333,High Value
16535.0,1,593.75,2011-12-04 15:18:00,5,4,1,2,412,Low Value
16536.0,1,548.97,2011-08-21 15:54:00,110,2,1,2,212,Low Value
16539.0,4,1388.81,2011-12-07 08:41:00,3,4,3,3,433,High Value
16542.0,1,119.62,2011-10-17 10:47:00,54,2,1,1,211,Low Value
16545.0,1,339.3,2011-06-28 10:37:00,165,1,1,2,112,Low Value
16546.0,2,787.15,2011-02-22 11:20:00,291,1,2,3,123,Low Value
16549.0,10,4154.64,2011-11-29 15:06:00,10,4,4,4,444,High Value
16550.0,5,2298.97,2011-08-23 11:12:00,109,2,4,4,244,Low Value
16551.0,3,922.12,2011-09-05 09:38:00,96,2,3,3,233,Low Value
16552.0,2,379.73,2011-04-11 10:04:00,243,1,2,2,122,Low Value
16553.0,12,5719.82,2011-06-29 15:42:00,163,1,4,4,144,Low Value
16554.0,3,837.1,2011-10-28 14:51:00,42,3,3,3,333,High Value
16555.0,2,285.89,2011-11-04 14:31:00,35,3,2,1,321,Loyal
16556.0,7,3313.79,2011-10-04 11:36:00,67,2,4,4,244,Low Value
16557.0,2,281.85,2011-11-15 14:04:00,24,3,2,1,321,Loyal
16558.0,20,8338.49,2011-12-09 10:20:00,1,4,4,4,444,High Value
16560.0,2,841.41,2011-11-13 10:35:00,27,3,2,3,323,Loyal
16561.0,2,511.12,2011-12-04 11:50:00,6,4,2,2,422,Loyal
16563.0,1,1077.74,2011-10-17 11:51:00,54,2,1,3,213,Low Value
16565.0,1,173.7,2010-12-10 15:21:00,364,1,1,1,111,Low Value
16566.0,5,614.66,2011-11-24 16:34:00,15,4,4,2,442,Loyal
16567.0,2,865.6,2011-05-29 13:57:00,194,1,2,3,123,Low Value
16569.0,1,124.2,2011-12-06 15:32:00,3,4,1,1,411,Low Value
16570.0,10,3738.4,2011-11-24 17:02:00,15,4,4,4,444,High Value
16571.0,3,1421.69,2011-11-13 11:46:00,27,3,3,3,333,High Value
16572.0,3,1009.6,2011-08-04 16:34:00,127,2,3,3,233,Low Value
16573.0,2,663.61,2011-09-16 09:13:00,85,2,2,2,222,Low Value
16574.0,1,451.44,2011-09-29 13:39:00,71,2,1,2,212,Low Value
16581.0,1,105.84,2011-06-10 10:05:00,183,1,1,1,111,Low Value
16582.0,1,313.62,2011-08-18 17:02:00,113,2,1,2,212,Low Value
16583.0,1,233.45,2010-12-01 12:03:00,374,1,1,1,111,Low Value
16584.0,2,936.08,2011-09-20 13:45:00,80,2,2,3,223,Low Value
16586.0,1,463.95,2011-04-05 09:32:00,249,1,1,2,112,Low Value
16587.0,1,225.15,2011-04-21 15:51:00,232,1,1,1,111,Low Value
16589.0,3,459.24,2011-09-29 14:50:00,71,2,3,2,232,Low Value
16591.0,1,213.5,2011-10-02 10:43:00,69,2,1,1,211,Low Value
16592.0,16,4113.68,2011-12-05 13:49:00,4,4,4,4,444,High Value
16593.0,3,330.03,2011-10-20 12:41:00,51,3,3,2,332,Loyal
16594.0,1,181.09,2011-09-25 14:08:00,75,2,1,1,211,Low Value
16595.0,1,360.16,2011-10-09 13:15:00,61,2,1,2,212,Low Value
16596.0,2,250.15,2011-11-24 10:02:00,16,4,2,1,421,Loyal
16597.0,1,90.04,2011-12-05 15:44:00,4,4,1,1,411,Low Value
16598.0,1,145.05,2011-02-27 11:42:00,286,1,1,1,111,Low Value
16600.0,6,813.52,2011-12-05 16:00:00,4,4,4,3,443,High Value
16601.0,1,244.8,2011-10-30 11:09:00,41,3,1,1,311,Low Value
16602.0,1,528.08,2011-11-03 15:54:00,36,3,1,2,312,Low Value
16603.0,2,482.47,2011-09-26 10:06:00,75,2,2,2,222,Low Value
16607.0,14,3347.71,2011-11-22 10:24:00,18,4,4,4,444,High Value
16609.0,7,5493.46,2011-11-24 13:32:00,15,4,4,4,444,High Value
16610.0,1,75.66,2011-05-04 13:13:00,219,1,1,1,111,Low Value
16611.0,1,129.49,2011-06-06 15:46:00,186,1,1,1,111,Low Value
16612.0,4,1187.66,2011-11-07 07:38:00,33,3,3,3,333,High Value
16613.0,1,618.59,2011-09-30 15:52:00,70,2,2,2,222,Low Value
16614.0,1,506.19,2011-06-10 11:36:00,183,1,2,2,122,Low Value
16616.0,2,500.42,2011-11-24 16:31:00,15,4,2,2,422,Loyal
16617.0,1,151.85,2011-04-18 10:35:00,236,1,2,1,121,Low Value
16618.0,5,2647.59,2011-11-08 13:52:00,31,3,4,4,344,High Value
16619.0,1,226.21,2011-03-21 08:18:00,264,1,2,1,121,Low Value
16620.0,2,178.96,2011-12-06 12:19:00,4,4,2,1,421,Loyal
16621.0,4,813.48,2011-10-19 11:38:00,52,2,3,3,233,Low Value
16623.0,1,129.45,2011-04-08 10:09:00,246,1,2,1,121,Low Value
16624.0,2,810.57,2011-09-20 12:39:00,81,2,2,3,223,Low Value
16625.0,1,333.08,2011-03-10 12:50:00,275,1,2,2,122,Low Value
16626.0,17,4413.1,2011-12-09 11:56:00,1,4,4,4,444,High Value
16627.0,1,322.8,2011-09-21 14:38:00,79,2,2,2,222,Low Value
16628.0,5,2188.05,2011-11-10 12:45:00,30,3,4,4,344,High Value
16629.0,2,417.73,2011-09-27 10:34:00,74,2,2,2,222,Low Value
16633.0,6,2883.1,2011-11-22 13:41:00,17,4,4,4,444,High Value
16634.0,2,217.9,2011-05-01 12:09:00,223,1,2,1,121,Low Value
16637.0,4,1154.47,2011-11-07 13:17:00,32,3,3,3,333,High Value
16638.0,10,1680.72,2011-11-17 11:09:00,23,3,4,4,344,High Value
16639.0,3,1257.51,2011-11-08 13:20:00,31,3,3,3,333,High Value
16641.0,1,231.1,2011-08-26 12:49:00,106,2,2,1,221,Low Value
16642.0,2,688.33,2011-12-05 11:31:00,5,4,2,3,423,Loyal
16643.0,1,487.51,2011-04-08 08:24:00,246,1,2,2,122,Low Value
16644.0,2,833.78,2011-06-15 12:39:00,178,1,2,3,123,Low Value
16647.0,2,214.06,2011-06-23 11:47:00,170,1,2,1,121,Low Value
16648.0,1,290.66,2011-10-28 08:58:00,43,3,2,1,321,Loyal
16650.0,1,518.42,2011-09-29 09:51:00,72,2,2,2,222,Low Value
16652.0,7,6773.97,2011-10-12 09:38:00,59,2,4,4,244,Low Value
16653.0,2,1212.66,2011-11-23 14:51:00,16,4,2,3,423,Loyal
16654.0,4,601.27,2011-07-21 15:23:00,141,2,3,2,232,Low Value
16655.0,6,3794.52,2011-11-22 11:25:00,18,4,4,4,444,High Value
16656.0,15,8625.8,2011-11-17 14:43:00,22,3,4,4,344,High Value
16657.0,4,933.62,2011-11-30 11:48:00,10,4,3,3,433,High Value
16658.0,1,123.24,2010-12-06 13:47:00,368,1,2,1,121,Low Value
16659.0,1,39.12,2011-06-03 15:03:00,189,1,2,1,121,Low Value
16660.0,4,1267.65,2011-11-23 14:53:00,16,4,3,3,433,High Value
16665.0,1,135.4,2010-12-12 14:03:00,362,1,2,1,121,Low Value
16666.0,1,118.98,2011-11-20 14:01:00,19,3,2,1,321,Loyal
16667.0,2,570.13,2011-10-02 15:26:00,68,2,2,2,222,Low Value
16668.0,6,306.72,2011-11-24 17:43:00,15,4,4,1,441,Loyal
16669.0,3,1374.87,2011-11-16 12:26:00,24,3,3,3,333,High Value
16670.0,11,4095.9,2011-11-23 09:34:00,17,4,4,4,444,High Value
16671.0,3,1692.27,2011-11-11 13:40:00,28,3,3,4,334,High Value
16672.0,20,8134.94,2011-12-07 16:29:00,2,4,4,4,444,High Value
16674.0,2,319.61,2011-10-16 11:31:00,55,2,2,2,222,Low Value
16676.0,4,1592.12,2011-11-06 12:01:00,34,3,3,3,333,High Value
16678.0,12,3109.99,2011-12-07 12:17:00,3,4,4,4,444,High Value
16679.0,1,129.75,2010-12-08 13:51:00,366,1,2,1,121,Low Value
16680.0,1,183.7,2011-10-27 17:35:00,43,3,2,1,321,Loyal
16681.0,6,1770.34,2011-09-28 11:11:00,73,2,4,4,244,Low Value
16682.0,5,1028.0,2011-12-05 12:13:00,5,4,4,3,443,High Value
16684.0,28,66653.56,2011-12-05 14:06:00,4,4,4,4,444,High Value
16685.0,2,324.24,2011-10-09 13:58:00,61,2,2,2,222,Low Value
16686.0,7,3062.83,2011-10-23 13:49:00,47,3,4,4,344,High Value
16688.0,4,1260.86,2011-12-08 15:24:00,1,4,3,3,433,High Value
16689.0,2,422.6,2011-09-25 11:39:00,76,2,2,2,222,Low Value
16690.0,2,225.58,2011-09-28 15:02:00,72,2,2,1,221,Low Value
16692.0,2,1276.0,2011-03-28 14:46:00,256,1,2,3,123,Low Value
16693.0,2,482.01,2011-10-02 11:10:00,69,2,2,2,222,Low Value
16696.0,4,657.9,2011-07-27 14:23:00,135,2,3,2,232,Low Value
16697.0,1,112.75,2011-04-12 17:12:00,241,1,2,1,121,Low Value
16698.0,2,1998.0,2011-04-27 10:52:00,227,1,2,4,124,Low Value
16700.0,13,5076.55,2011-12-01 11:00:00,9,4,4,4,444,High Value
16701.0,13,5398.3,2011-12-01 11:10:00,9,4,4,4,444,High Value
16705.0,20,14034.99,2011-12-09 12:08:00,1,4,4,4,444,High Value
16706.0,3,531.35,2011-11-02 13:50:00,37,3,3,2,332,Loyal
16708.0,1,656.63,2011-10-25 12:20:00,46,3,2,2,322,Loyal
16709.0,5,3029.87,2011-09-16 10:56:00,85,2,4,4,244,Low Value
16710.0,10,2483.04,2011-11-20 14:50:00,19,3,4,4,344,High Value
16711.0,5,1651.03,2011-12-06 16:32:00,3,4,4,3,443,High Value
16712.0,11,3645.43,2011-11-30 13:48:00,9,4,4,4,444,High Value
16713.0,15,6923.13,2011-11-21 12:36:00,19,3,4,4,344,High Value
16714.0,3,1161.53,2011-05-05 11:09:00,219,1,3,3,133,Low Value
16715.0,1,301.72,2011-09-22 18:15:00,78,2,2,1,221,Low Value
16716.0,2,901.2,2011-03-18 10:03:00,267,1,2,3,123,Low Value
16717.0,6,3858.38,2011-11-16 12:16:00,24,3,4,4,344,High Value
16718.0,1,623.75,2010-12-05 13:03:00,369,1,2,2,122,Low Value
16719.0,7,1790.42,2011-11-25 09:27:00,15,4,4,4,444,High Value
16720.0,1,155.24,2011-11-13 16:22:00,26,3,2,1,321,Loyal
16721.0,1,292.47,2011-03-22 16:08:00,262,1,2,1,121,Low Value
16722.0,13,4730.81,2011-11-22 13:28:00,17,4,4,4,444,High Value
16723.0,2,589.15,2011-09-09 13:01:00,91,2,2,2,222,Low Value
16725.0,7,781.02,2011-02-10 16:52:00,302,1,4,3,143,Low Value
16726.0,5,1382.02,2011-11-13 14:53:00,26,3,4,3,343,High Value
16727.0,1,272.82,2010-12-10 13:48:00,364,1,2,1,121,Low Value
16728.0,4,1054.67,2011-10-24 14:36:00,46,3,3,3,333,High Value
16729.0,21,7239.92,2011-11-01 14:29:00,38,3,4,4,344,High Value
16730.0,3,743.11,2011-10-18 14:11:00,52,2,3,3,233,Low Value
16732.0,1,603.75,2011-11-08 09:54:00,32,3,2,2,322,Loyal
16734.0,3,650.51,2011-10-18 13:44:00,52,2,3,2,232,Low Value
16735.0,5,2300.56,2011-09-22 11:49:00,79,2,4,4,244,Low Value
16737.0,1,417.6,2011-10-17 13:03:00,53,2,2,2,222,Low Value
16738.0,1,3.75,2011-02-15 09:46:00,298,1,2,1,121,Low Value
16739.0,1,323.0,2011-06-16 09:17:00,177,1,2,2,122,Low Value
16742.0,1,464.9,2011-10-24 12:02:00,47,3,2,2,322,Loyal
16743.0,7,2238.09,2011-11-10 13:13:00,29,3,4,4,344,High Value
16744.0,7,1304.76,2011-11-28 13:06:00,11,4,4,3,443,High Value
16745.0,17,7194.3,2011-09-14 11:58:00,87,2,4,4,244,Low Value
16746.0,18,6697.66,2011-12-05 12:33:00,5,4,4,4,444,High Value
16747.0,2,836.06,2011-11-02 11:37:00,38,3,2,3,323,Loyal
16748.0,5,1515.9,2011-11-22 10:17:00,18,4,4,3,443,High Value
16750.0,5,623.93,2011-10-26 12:48:00,45,3,4,2,342,Loyal
16751.0,1,1764.72,2011-11-09 10:48:00,31,3,2,4,324,Loyal
16752.0,1,207.5,2010-12-02 12:18:00,373,1,2,1,121,Low Value
16753.0,1,223.92,2011-10-12 13:14:00,58,2,2,1,221,Low Value
16754.0,1,2002.4,2010-12-02 17:38:00,372,1,2,4,124,Low Value
16755.0,3,1496.83,2011-08-17 13:21:00,114,2,3,3,233,Low Value
16756.0,1,239.4,2011-05-09 09:33:00,215,1,2,1,121,Low Value
16757.0,1,106.83,2011-01-25 11:59:00,319,1,2,1,121,Low Value
16758.0,1,369.34,2011-10-05 14:47:00,65,2,2,2,222,Low Value
16759.0,3,789.79,2011-12-02 12:42:00,8,4,3,3,433,High Value
16761.0,1,316.62,2011-09-04 11:15:00,97,2,2,2,222,Low Value
16762.0,3,1501.38,2011-11-20 11:43:00,20,3,3,3,333,High Value
16763.0,1,611.85,2011-05-25 11:52:00,199,1,2,2,122,Low Value
16764.0,13,2799.25,2011-12-06 11:41:00,4,4,4,4,444,High Value
16765.0,1,34.0,2011-02-18 15:41:00,294,1,2,1,121,Low Value
16766.0,2,1145.6,2011-03-11 15:22:00,273,1,2,3,123,Low Value
16767.0,11,5580.6,2011-11-09 09:42:00,31,3,4,4,344,High Value
16768.0,3,478.09,2011-10-23 10:38:00,48,3,3,2,332,Loyal
16769.0,1,380.39,2011-03-24 13:41:00,260,1,2,2,122,Low Value
16770.0,5,770.1,2011-10-13 12:21:00,58,2,4,3,243,Low Value
16771.0,5,2246.81,2011-11-06 13:28:00,33,3,4,4,344,High Value
16773.0,1,171.59,2011-10-13 14:37:00,57,2,2,1,221,Low Value
16774.0,4,661.52,2011-10-03 12:41:00,68,2,3,2,232,Low Value
16775.0,11,1695.66,2011-11-29 15:22:00,10,4,4,4,444,High Value
16776.0,1,388.28,2011-10-10 13:04:00,60,2,2,2,222,Low Value
16777.0,2,226.35,2011-09-20 13:41:00,80,2,2,1,221,Low Value
16778.0,2,245.94,2011-09-26 13:48:00,74,2,2,1,221,Low Value
16779.0,22,10629.72,2011-12-07 14:54:00,2,4,4,4,444,High Value
16780.0,2,425.19,2011-08-31 16:09:00,100,2,2,2,222,Low Value
16781.0,1,311.25,2010-12-02 14:26:00,372,1,2,2,122,Low Value
16782.0,13,2279.9,2011-11-29 13:20:00,10,4,4,4,444,High Value
16784.0,1,107.6,2011-11-20 12:20:00,20,3,2,1,321,Loyal
16788.0,2,597.48,2011-08-08 14:53:00,123,2,2,2,222,Low Value
16789.0,1,80.8,2011-12-01 15:12:00,8,4,2,1,421,Loyal
16790.0,6,1545.62,2011-12-06 11:53:00,4,4,4,3,443,High Value
16791.0,7,1721.78,2011-11-10 19:12:00,29,3,4,4,344,High Value
16792.0,2,110.38,2011-03-02 14:41:00,282,1,2,1,121,Low Value
16793.0,1,243.84,2011-10-13 15:08:00,57,2,2,1,221,Low Value
16794.0,10,1222.71,2011-12-08 17:54:00,1,4,4,3,443,High Value
16795.0,1,414.88,2010-12-09 14:08:00,365,1,2,2,122,Low Value
16796.0,1,305.62,2011-09-11 14:01:00,89,2,2,1,221,Low Value
16800.0,1,1201.49,2011-11-28 14:06:00,11,4,2,3,423,Loyal
16801.0,4,1619.73,2011-06-29 15:33:00,163,1,3,3,133,Low Value
16803.0,1,332.3,2011-10-05 14:28:00,65,2,2,2,222,Low Value
16804.0,3,536.99,2011-11-16 16:43:00,23,3,3,2,332,Loyal
16805.0,2,460.59,2011-06-19 11:23:00,174,1,2,2,122,Low Value
16806.0,4,801.49,2011-08-28 15:27:00,103,2,3,3,233,Low Value
16807.0,3,1121.59,2011-07-20 12:00:00,143,1,3,3,133,Low Value
16808.0,2,288.42,2011-09-01 19:34:00,99,2,2,1,221,Low Value
16809.0,5,914.69,2011-11-16 15:45:00,23,3,4,3,343,High Value
16810.0,1,309.54,2011-05-31 15:32:00,192,1,2,2,122,Low Value
16811.0,2,547.07,2011-12-05 11:39:00,5,4,2,2,422,Loyal
16812.0,1,479.35,2010-12-14 12:35:00,361,1,2,2,122,Low Value
16813.0,10,1692.98,2011-12-01 14:03:00,8,4,4,4,444,High Value
16814.0,21,6509.1,2011-11-25 13:27:00,14,4,4,4,444,High Value
16816.0,4,417.06,2011-08-28 14:16:00,103,2,3,2,232,Low Value
16817.0,9,1604.75,2011-12-07 11:03:00,3,4,4,3,443,High Value
16818.0,11,3349.57,2011-11-29 10:41:00,11,4,4,4,444,High Value
16820.0,1,497.61,2011-09-05 12:06:00,96,2,2,2,222,Low Value
16823.0,1,358.38,2011-04-26 15:00:00,227,1,2,2,122,Low Value
16824.0,2,460.64,2011-11-24 12:38:00,16,4,2,2,422,Loyal
16825.0,2,775.18,2011-11-01 11:51:00,39,3,2,3,323,Loyal
16826.0,1,341.7,2011-10-19 14:05:00,51,3,2,2,322,Loyal
16828.0,2,128.5,2011-09-07 15:10:00,93,2,2,1,221,Low Value
16829.0,1,197.22,2011-07-06 10:48:00,157,1,2,1,121,Low Value
16830.0,1,325.91,2011-11-01 11:35:00,39,3,2,2,322,Loyal
16832.0,3,199.15,2011-06-08 15:36:00,184,1,3,1,131,Low Value
16833.0,4,1106.53,2011-12-08 14:39:00,1,4,3,3,433,High Value
16834.0,1,413.46,2011-04-26 09:37:00,228,1,2,2,122,Low Value
16835.0,2,180.85,2011-08-03 13:50:00,128,2,2,1,221,Low Value
16836.0,2,251.87,2011-10-31 10:05:00,40,3,2,1,321,Loyal
16837.0,11,3170.98,2011-11-08 14:27:00,31,3,4,4,344,High Value
16838.0,2,588.85,2011-05-26 13:13:00,197,1,2,2,122,Low Value
16839.0,34,16594.35,2011-12-01 09:03:00,9,4,4,4,444,High Value
16841.0,6,1869.82,2011-11-03 11:51:00,37,3,4,4,344,High Value
16842.0,3,1264.19,2011-08-31 10:42:00,101,2,3,3,233,Low Value
16843.0,16,10196.57,2011-10-28 09:06:00,43,3,4,4,344,High Value
16846.0,1,214.32,2011-10-20 13:55:00,50,3,2,1,321,Loyal
16847.0,1,193.44,2011-10-27 13:29:00,43,3,2,1,321,Loyal
16848.0,1,281.42,2011-10-18 08:42:00,53,2,2,1,221,Low Value
16849.0,1,124.57,2011-06-06 09:16:00,187,1,2,1,121,Low Value
16850.0,1,332.41,2011-01-10 11:09:00,334,1,2,2,122,Low Value
16851.0,3,342.45,2011-12-05 13:32:00,4,4,3,2,432,Loyal
16852.0,2,144.91,2011-11-29 13:22:00,10,4,2,1,421,Loyal
16855.0,2,328.4,2011-11-16 12:03:00,24,3,2,2,322,Loyal
16856.0,1,35.4,2011-11-25 08:59:00,15,4,2,1,421,Loyal
16858.0,1,375.69,2010-12-06 09:52:00,369,1,2,2,122,Low Value
16859.0,2,747.81,2011-07-18 12:19:00,145,1,2,3,123,Low Value
16861.0,2,173.76,2011-10-11 09:05:00,60,2,2,1,221,Low Value
16863.0,2,502.8,2011-11-08 15:26:00,31,3,2,2,322,Loyal
16866.0,3,207.74,2011-07-22 10:06:00,141,2,3,1,231,Low Value
16869.0,4,825.42,2011-11-17 12:02:00,23,3,3,3,333,High Value
16871.0,6,2812.34,2011-11-17 19:27:00,22,3,4,4,344,High Value
16872.0,3,680.02,2011-09-23 16:05:00,77,2,3,3,233,Low Value
16873.0,6,7123.62,2011-12-05 12:05:00,5,4,4,4,444,High Value
16875.0,5,2095.53,2011-10-03 13:39:00,67,2,4,4,244,Low Value
16877.0,6,853.72,2011-11-27 13:47:00,12,4,4,3,443,High Value
16878.0,1,13.3,2011-09-16 17:39:00,84,2,2,1,221,Low Value
16880.0,7,1519.08,2011-11-09 11:33:00,31,3,4,3,343,High Value
16881.0,1,432.0,2011-10-04 10:33:00,67,2,2,2,222,Low Value
16882.0,3,705.12,2011-10-04 10:42:00,67,2,3,3,233,Low Value
16883.0,2,276.73,2011-06-05 12:51:00,187,1,2,1,121,Low Value
16884.0,2,429.84,2011-11-02 11:52:00,38,3,2,2,322,Loyal
16885.0,3,471.51,2011-11-24 13:40:00,15,4,3,2,432,Loyal
16887.0,1,194.88,2011-11-04 14:07:00,35,3,2,1,321,Loyal
16889.0,3,1578.67,2011-05-29 11:05:00,195,1,3,3,133,Low Value
16891.0,5,809.7,2011-12-08 11:15:00,2,4,4,3,443,High Value
16892.0,5,525.54,2011-12-08 13:18:00,1,4,4,2,442,Loyal
16893.0,1,145.93,2010-12-08 12:06:00,367,1,2,1,121,Low Value
16895.0,1,219.14,2011-10-06 12:15:00,65,2,2,1,221,Low Value
16897.0,2,289.78,2011-02-13 15:02:00,299,1,2,1,121,Low Value
16898.0,3,508.81,2011-11-13 15:44:00,26,3,3,2,332,Loyal
16899.0,6,1281.56,2011-12-02 12:03:00,8,4,4,3,443,High Value
16900.0,3,887.11,2011-11-23 10:32:00,17,4,3,3,433,High Value
16902.0,1,1706.88,2011-08-15 14:17:00,116,2,2,4,224,Low Value
16903.0,1,373.24,2011-11-10 15:32:00,29,3,2,2,322,Loyal
16904.0,16,3754.27,2011-12-05 13:10:00,4,4,4,4,444,High Value
16905.0,7,3102.43,2011-12-04 14:01:00,5,4,4,4,444,High Value
16906.0,4,579.77,2011-09-19 11:49:00,82,2,3,2,232,Low Value
16907.0,5,981.65,2011-11-10 18:04:00,29,3,4,3,343,High Value
16909.0,1,379.14,2011-09-28 16:45:00,72,2,2,2,222,Low Value
16910.0,8,1510.06,2011-12-05 12:51:00,4,4,4,3,443,High Value
16912.0,11,2575.38,2011-11-11 12:18:00,29,3,4,4,344,High Value
16913.0,1,113.44,2011-02-22 12:56:00,290,1,2,1,121,Low Value
16914.0,1,208.46,2011-11-03 15:27:00,36,3,2,1,321,Loyal
16915.0,6,621.68,2011-11-30 16:39:00,9,4,4,2,442,Loyal
16916.0,2,576.26,2011-11-16 12:08:00,24,3,2,2,322,Loyal
16917.0,1,391.52,2011-03-08 11:55:00,277,1,2,2,122,Low Value
16918.0,6,1068.82,2011-10-21 12:50:00,50,3,4,3,343,High Value
16919.0,11,2596.45,2011-07-06 13:35:00,156,1,4,4,144,Low Value
16921.0,1,169.79,2011-10-09 16:22:00,61,2,2,1,221,Low Value
16923.0,19,7247.61,2011-11-27 13:00:00,12,4,4,4,444,High Value
16924.0,3,846.75,2011-11-18 12:53:00,21,3,3,3,333,High Value
16926.0,1,230.25,2010-12-03 13:42:00,371,1,2,1,121,Low Value
16927.0,3,543.05,2011-08-16 11:10:00,116,2,3,2,232,Low Value
16928.0,17,2847.6,2011-09-20 15:10:00,80,2,4,4,244,Low Value
16929.0,7,1295.39,2011-12-06 08:37:00,4,4,4,3,443,High Value
16930.0,3,380.55,2011-11-13 16:13:00,26,3,3,2,332,Loyal
16931.0,21,4604.22,2011-12-04 13:15:00,5,4,4,4,444,High Value
16932.0,1,161.94,2011-10-17 14:12:00,53,2,2,1,221,Low Value
16933.0,2,563.23,2011-12-08 12:54:00,1,4,2,2,422,Loyal
16934.0,2,950.93,2011-10-16 12:40:00,55,2,2,3,223,Low Value
16936.0,1,262.68,2011-11-14 11:04:00,26,3,2,1,321,Loyal
16938.0,4,2736.38,2011-12-01 10:20:00,9,4,3,4,434,High Value
16940.0,3,3049.88,2011-10-18 13:15:00,52,2,3,4,234,Low Value
16942.0,9,1920.59,2011-11-27 12:40:00,13,4,4,4,444,High Value
16943.0,3,816.73,2011-05-12 11:57:00,212,1,3,3,133,Low Value
16945.0,19,4345.5,2011-11-18 11:39:00,22,3,4,4,344,High Value
16947.0,1,406.48,2011-04-18 09:38:00,236,1,2,2,122,Low Value
16948.0,3,435.02,2011-07-24 12:46:00,139,2,3,2,232,Low Value
16949.0,6,1286.27,2011-12-06 11:07:00,4,4,4,3,443,High Value
16950.0,3,1178.56,2011-10-14 09:06:00,57,2,3,3,233,Low Value
16951.0,3,1277.75,2011-07-28 12:05:00,135,2,3,3,233,Low Value
16952.0,2,167.61,2011-08-22 13:03:00,109,2,2,1,221,Low Value
16953.0,1,20.8,2011-11-09 15:54:00,30,3,2,1,321,Loyal
16954.0,9,2085.08,2011-12-09 09:46:00,1,4,4,4,444,High Value
16955.0,4,518.67,2011-06-08 10:36:00,185,1,3,2,132,Low Value
16956.0,1,308.74,2011-11-22 08:56:00,18,4,2,2,422,Loyal
16957.0,2,416.64,2011-04-14 13:56:00,239,1,2,2,122,Low Value
16959.0,1,117.35,2011-09-13 15:03:00,87,2,2,1,221,Low Value
16960.0,3,507.05,2011-11-01 11:35:00,39,3,3,2,332,Loyal
16961.0,1,234.17,2011-08-15 13:46:00,116,2,2,1,221,Low Value
16963.0,1,110.55,2011-06-05 13:48:00,187,1,2,1,121,Low Value
16965.0,1,201.19,2011-04-27 12:08:00,227,1,2,1,121,Low Value
16966.0,7,2154.97,2011-12-01 13:40:00,8,4,4,4,444,High Value
16967.0,1,319.02,2011-06-03 14:24:00,189,1,2,2,122,Low Value
16968.0,2,439.43,2011-12-05 15:02:00,4,4,2,2,422,Loyal
16969.0,3,650.41,2011-10-31 13:12:00,39,3,3,2,332,Loyal
16971.0,1,357.21,2011-11-01 15:06:00,38,3,2,2,322,Loyal
16976.0,1,251.52,2011-03-17 16:33:00,267,1,2,1,121,Low Value
16978.0,1,344.33,2011-09-23 12:50:00,78,2,2,2,222,Low Value
16979.0,6,1852.0,2011-12-06 12:21:00,4,4,4,4,444,High Value
16980.0,2,1078.96,2011-03-29 16:36:00,255,1,2,3,123,Low Value
16982.0,1,384.06,2011-10-10 12:28:00,61,2,2,2,222,Low Value
16983.0,7,1931.25,2011-11-27 12:10:00,13,4,4,4,444,High Value
16984.0,2,4481.35,2011-09-12 13:43:00,88,2,2,4,224,Low Value
16985.0,10,5464.12,2011-11-22 13:33:00,17,4,4,4,444,High Value
16986.0,2,1873.2,2011-11-10 11:55:00,30,3,2,4,324,Loyal
16987.0,7,1625.05,2011-12-06 17:26:00,3,4,4,3,443,High Value
16988.0,1,126.12,2011-12-04 16:02:00,5,4,2,1,421,Loyal
16989.0,6,1133.25,2011-12-02 16:39:00,7,4,4,3,443,High Value
16990.0,1,179.0,2011-05-05 08:30:00,219,1,2,1,121,Low Value
16992.0,5,1614.31,2011-11-29 11:50:00,11,4,4,3,443,High Value
16996.0,6,1456.96,2011-11-09 16:43:00,30,3,4,3,343,High Value
16997.0,3,702.0,2011-02-24 17:28:00,288,1,3,3,133,Low Value
16998.0,4,295.0,2011-07-13 09:44:00,150,1,3,1,131,Low Value
16999.0,2,484.82,2011-11-16 13:53:00,23,3,2,2,322,Loyal
17001.0,11,3989.57,2011-12-09 09:38:00,1,4,4,4,444,High Value
17002.0,3,1493.73,2011-09-15 12:40:00,86,2,3,3,233,Low Value
17004.0,2,1412.94,2011-10-24 14:25:00,46,3,2,3,323,Loyal
17006.0,4,781.78,2011-12-05 12:09:00,5,4,3,3,433,High Value
17007.0,6,889.93,2011-10-20 10:47:00,51,3,4,3,343,High Value
17010.0,1,195.36,2011-11-21 14:49:00,18,4,2,1,421,Loyal
17011.0,1,270.9,2011-11-09 13:30:00,30,3,2,1,321,Loyal
17014.0,3,586.33,2011-12-01 14:09:00,8,4,3,2,432,Loyal
17015.0,3,1842.56,2011-11-11 10:45:00,29,3,3,4,334,High Value
17017.0,20,8694.26,2011-12-07 09:32:00,3,4,4,4,444,High Value
17018.0,2,920.1,2011-10-30 11:42:00,41,3,2,3,323,Loyal
17019.0,4,1272.61,2011-11-28 13:06:00,11,4,3,3,433,High Value
17022.0,1,71.0,2011-11-08 17:09:00,31,3,2,1,321,Loyal
17024.0,3,95.85,2011-10-25 13:47:00,45,3,3,1,331,Loyal
17025.0,3,357.77,2011-10-10 09:06:00,61,2,3,2,232,Low Value
17026.0,2,154.83,2011-06-07 14:28:00,185,1,2,1,121,Low Value
17027.0,6,890.29,2011-09-22 12:24:00,79,2,4,3,243,Low Value
17029.0,2,716.0,2011-08-21 11:06:00,111,2,2,3,223,Low Value
17030.0,1,146.87,2011-10-07 08:49:00,64,2,2,1,221,Low Value
17031.0,2,380.35,2011-11-28 10:23:00,12,4,2,2,422,Loyal
17033.0,3,1030.14,2011-09-14 14:34:00,86,2,3,3,233,Low Value
17034.0,3,745.52,2011-11-23 15:14:00,16,4,3,3,433,High Value
17035.0,2,433.53,2011-04-08 11:23:00,246,1,2,2,122,Low Value
17037.0,1,1267.32,2011-09-13 12:49:00,88,2,2,3,223,Low Value
17038.0,1,112.4,2011-11-09 13:50:00,30,3,2,1,321,Loyal
17040.0,1,449.73,2011-07-25 10:19:00,138,2,2,2,222,Low Value
17041.0,3,1081.57,2011-11-13 11:21:00,27,3,3,3,333,High Value
17042.0,5,1044.38,2011-12-07 12:26:00,3,4,4,3,443,High Value
17043.0,4,1735.18,2011-11-07 15:33:00,32,3,3,4,334,High Value
17044.0,1,948.48,2011-11-14 14:28:00,25,3,2,3,323,Loyal
17045.0,3,339.44,2011-08-18 17:09:00,113,2,3,2,232,Low Value
17046.0,1,642.02,2011-07-05 14:24:00,157,1,2,2,122,Low Value
17047.0,3,1100.9,2011-09-15 13:27:00,85,2,3,3,233,Low Value
17048.0,3,925.35,2011-08-14 11:49:00,118,2,3,3,233,Low Value
17049.0,9,5659.98,2011-12-07 10:48:00,3,4,4,4,444,High Value
17050.0,6,3228.84,2011-09-04 13:48:00,96,2,4,4,244,Low Value
17051.0,1,247.14,2011-05-29 14:13:00,194,1,2,1,121,Low Value
17052.0,1,413.75,2011-11-11 14:50:00,28,3,2,2,322,Loyal
17053.0,1,498.48,2011-08-01 10:23:00,131,2,2,2,222,Low Value
17054.0,5,1356.33,2011-11-11 12:56:00,28,3,4,3,343,High Value
17058.0,3,1179.89,2011-09-19 10:13:00,82,2,3,3,233,Low Value
17059.0,5,3095.04,2011-11-10 12:27:00,30,3,4,4,344,High Value
17060.0,1,234.24,2011-03-18 13:27:00,266,1,2,1,121,Low Value
17061.0,11,5232.23,2011-09-27 11:24:00,74,2,4,4,244,Low Value
17062.0,4,538.37,2011-01-30 11:01:00,314,1,3,2,132,Low Value
17063.0,7,1461.14,2011-11-18 16:19:00,21,3,4,3,343,High Value
17064.0,3,859.35,2011-10-12 10:18:00,59,2,3,3,233,Low Value
17068.0,21,4552.14,2011-11-27 13:14:00,12,4,4,4,444,High Value
17069.0,9,2709.7,2011-11-11 17:13:00,28,3,4,4,344,High Value
17070.0,1,312.14,2011-08-17 17:01:00,114,2,2,2,222,Low Value
17071.0,9,2429.03,2011-11-11 16:31:00,28,3,4,4,344,High Value
17073.0,4,1446.09,2011-11-22 11:47:00,18,4,3,3,433,High Value
17075.0,4,834.12,2011-11-22 11:58:00,18,4,3,3,433,High Value
17076.0,3,841.08,2011-11-03 17:53:00,36,3,3,3,333,High Value
17078.0,2,378.2,2011-11-03 19:17:00,36,3,2,2,322,Loyal
17079.0,1,118.8,2011-09-22 15:34:00,78,2,2,1,221,Low Value
17080.0,2,287.62,2011-11-17 12:59:00,22,3,2,1,321,Loyal
17081.0,2,290.16,2011-11-14 12:56:00,25,3,2,1,321,Loyal
17082.0,2,2003.85,2011-11-06 15:17:00,33,3,2,4,324,Loyal
17083.0,3,1405.78,2011-08-22 15:43:00,109,2,3,3,233,Low Value
17084.0,2,2949.75,2011-11-04 14:54:00,35,3,2,4,324,Loyal
17085.0,5,1566.65,2011-08-08 14:15:00,123,2,4,3,243,Low Value
17086.0,6,2050.08,2011-12-02 13:54:00,7,4,4,4,444,High Value
17088.0,4,1991.01,2011-11-11 14:23:00,28,3,3,4,334,High Value
17090.0,7,2043.95,2011-12-05 13:44:00,4,4,4,4,444,High Value
17091.0,9,3827.76,2011-12-07 10:43:00,3,4,4,4,444,High Value
17092.0,4,1777.78,2011-10-20 19:51:00,50,3,3,4,334,High Value
17094.0,1,302.0,2011-01-21 13:09:00,322,1,2,1,121,Low Value
17095.0,3,1324.16,2011-11-17 12:21:00,23,3,3,3,333,High Value
17096.0,4,1022.13,2011-11-24 15:01:00,15,4,3,3,433,High Value
17097.0,8,954.42,2011-12-07 17:05:00,2,4,4,3,443,High Value
17100.0,2,971.74,2011-11-21 16:36:00,18,4,2,3,423,Loyal
17101.0,4,1621.73,2011-11-29 13:57:00,10,4,3,3,433,High Value
17102.0,1,25.5,2011-03-23 10:08:00,262,1,2,1,121,Low Value
17105.0,2,665.78,2011-07-03 15:53:00,159,1,2,2,122,Low Value
17107.0,6,10815.43,2011-11-06 14:14:00,33,3,4,4,344,High Value
17109.0,6,885.04,2011-11-10 16:59:00,29,3,4,3,343,High Value
17110.0,1,163.3,2011-06-27 12:58:00,165,1,2,1,121,Low Value
17111.0,1,248.61,2011-10-23 15:59:00,47,3,2,1,321,Loyal
17114.0,8,808.62,2011-12-04 12:17:00,6,4,4,3,443,High Value
17115.0,3,837.5,2011-12-01 14:30:00,8,4,3,3,433,High Value
17117.0,1,116.2,2011-02-24 13:54:00,288,1,2,1,121,Low Value
17118.0,1,157.02,2011-01-26 12:19:00,318,1,2,1,121,Low Value
17119.0,2,606.91,2011-12-06 14:40:00,3,4,2,2,422,Loyal
17120.0,1,307.46,2011-04-20 15:21:00,233,1,2,2,122,Low Value
17122.0,1,138.32,2011-08-12 14:33:00,119,2,2,1,221,Low Value
17123.0,1,345.3,2011-07-01 10:47:00,162,1,2,2,122,Low Value
17124.0,1,298.89,2011-06-07 14:02:00,185,1,2,1,121,Low Value
17125.0,1,259.35,2011-10-20 14:41:00,50,3,2,1,321,Loyal
17126.0,5,1004.75,2011-07-10 13:52:00,152,1,4,3,143,Low Value
17128.0,1,157.09,2011-01-09 12:02:00,335,1,2,1,121,Low Value
17131.0,5,2463.17,2011-12-04 12:52:00,5,4,4,4,444,High Value
17133.0,7,4892.24,2011-11-24 12:27:00,16,4,4,4,444,High Value
17134.0,2,425.0,2011-08-25 09:53:00,107,2,2,2,222,Low Value
17135.0,7,1139.73,2011-11-23 16:48:00,16,4,4,3,443,High Value
17138.0,1,380.5,2011-03-09 11:54:00,276,1,2,2,122,Low Value
17139.0,12,10668.47,2011-11-24 10:12:00,16,4,4,4,444,High Value
17140.0,1,465.32,2011-04-06 13:33:00,247,1,2,2,122,Low Value
17142.0,1,579.0,2011-04-14 18:22:00,239,1,2,2,122,Low Value
17144.0,2,984.57,2011-12-08 17:57:00,1,4,2,3,423,Loyal
17146.0,3,749.78,2011-08-26 12:44:00,106,2,3,3,233,Low Value
17147.0,4,1714.59,2011-11-17 12:32:00,23,3,3,4,334,High Value
17148.0,1,124.88,2011-10-19 09:59:00,52,2,2,1,221,Low Value
17152.0,3,1689.5,2011-05-29 12:19:00,195,1,3,4,134,Low Value
17153.0,1,213.78,2011-11-15 13:42:00,24,3,2,1,321,Loyal
17154.0,1,329.34,2011-09-25 13:42:00,75,2,2,2,222,Low Value
17155.0,2,251.7,2011-11-22 12:38:00,18,4,2,1,421,Loyal
17157.0,2,319.0,2011-12-02 09:10:00,8,4,2,2,422,Loyal
17158.0,3,1266.97,2011-11-07 15:15:00,32,3,3,3,333,High Value
17159.0,3,1538.88,2011-11-18 10:52:00,22,3,3,3,333,High Value
17160.0,6,3518.03,2011-11-08 14:05:00,31,3,4,4,344,High Value
17162.0,10,1715.46,2011-11-11 11:34:00,29,3,4,4,344,High Value
17163.0,2,293.1,2011-11-18 08:57:00,22,3,2,1,321,Loyal
17164.0,7,2467.35,2011-11-07 09:14:00,33,3,4,4,344,High Value
17165.0,1,158.68,2011-02-28 16:39:00,284,1,2,1,121,Low Value
17166.0,2,206.34,2011-11-01 09:46:00,39,3,2,1,321,Loyal
17169.0,2,835.78,2011-10-13 10:25:00,58,2,2,3,223,Low Value
17171.0,1,224.91,2011-02-23 16:37:00,289,1,2,1,121,Low Value
17172.0,1,317.76,2011-09-22 09:36:00,79,2,2,2,222,Low Value
17173.0,8,3766.6,2011-12-04 14:40:00,5,4,4,4,444,High Value
17174.0,1,59.9,2011-05-06 11:47:00,218,1,2,1,121,Low Value
17175.0,4,1443.69,2011-10-26 15:31:00,44,3,3,3,333,High Value
17176.0,1,306.13,2011-05-22 12:41:00,202,1,2,1,121,Low Value
17179.0,3,711.79,2011-06-14 16:48:00,178,1,3,3,133,Low Value
17180.0,4,796.03,2011-10-14 15:46:00,56,2,3,3,233,Low Value
17181.0,2,239.92,2011-10-13 14:48:00,57,2,2,1,221,Low Value
17183.0,6,3347.31,2011-12-02 10:07:00,8,4,4,4,444,High Value
17186.0,2,144.0,2011-10-24 10:20:00,47,3,2,1,321,Loyal
17187.0,1,203.95,2011-04-27 12:39:00,227,1,2,1,121,Low Value
17188.0,7,2474.23,2011-11-28 13:53:00,11,4,4,4,444,High Value
17189.0,2,384.4,2011-08-25 19:39:00,106,2,2,2,222,Low Value
17190.0,2,444.74,2011-10-12 11:33:00,59,2,3,2,232,Low Value
17191.0,7,2095.13,2011-11-11 16:58:00,28,3,4,4,344,High Value
17193.0,7,1699.3,2011-11-04 12:47:00,36,3,4,4,344,High Value
17194.0,2,262.62,2011-03-11 12:05:00,274,1,3,1,131,Low Value
17197.0,1,1013.01,2011-11-10 10:32:00,30,3,2,3,323,Loyal
17198.0,3,692.22,2011-11-16 10:39:00,24,3,3,3,333,High Value
17201.0,1,342.63,2011-10-17 11:55:00,54,2,2,2,222,Low Value
17203.0,6,3563.85,2011-11-04 12:27:00,36,3,4,4,344,High Value
17204.0,4,1564.56,2011-06-17 14:46:00,175,1,3,3,133,Low Value
17205.0,1,384.08,2011-10-17 12:46:00,54,2,2,2,222,Low Value
17206.0,1,204.24,2011-10-17 13:25:00,53,2,2,1,221,Low Value
17211.0,8,2317.22,2011-11-13 12:03:00,27,3,4,4,344,High Value
17212.0,1,226.85,2011-03-31 19:42:00,253,1,2,1,121,Low Value
17213.0,7,2781.23,2011-10-30 14:53:00,40,3,4,4,344,High Value
17214.0,6,1069.12,2011-10-10 13:17:00,60,2,4,3,243,Low Value
17217.0,1,113.5,2011-04-19 17:19:00,234,1,2,1,121,Low Value
17218.0,10,1960.72,2011-12-05 13:52:00,4,4,4,4,444,High Value
17219.0,1,114.23,2011-11-08 11:25:00,32,3,2,1,321,Loyal
17220.0,14,3198.25,2011-11-15 13:47:00,24,3,4,4,344,High Value
17221.0,2,335.13,2011-12-02 13:35:00,7,4,3,2,432,Loyal
17222.0,1,354.15,2011-10-05 13:58:00,65,2,2,2,222,Low Value
17223.0,2,426.79,2011-02-02 15:57:00,310,1,3,2,132,Low Value
17226.0,1,393.49,2011-02-04 11:52:00,309,1,2,2,122,Low Value
17227.0,6,939.32,2011-11-21 10:51:00,19,3,4,3,343,High Value
17228.0,8,1906.09,2011-11-24 10:24:00,16,4,4,4,444,High Value
17229.0,2,318.76,2011-09-04 13:56:00,96,2,3,2,232,Low Value
17230.0,8,3638.41,2011-03-20 16:12:00,264,1,4,4,144,Low Value
17231.0,10,3174.32,2011-11-27 15:18:00,12,4,4,4,444,High Value
17232.0,2,421.52,2011-12-07 12:21:00,3,4,3,2,432,Loyal
17233.0,1,190.88,2011-11-04 14:06:00,35,3,2,1,321,Loyal
17234.0,1,149.89,2011-06-10 11:20:00,183,1,2,1,121,Low Value
17235.0,2,550.06,2011-11-14 15:51:00,25,3,3,2,332,Loyal
17236.0,6,916.13,2011-11-27 12:00:00,13,4,4,3,443,High Value
17237.0,2,314.69,2011-11-28 15:02:00,11,4,3,2,432,Loyal
17238.0,17,3744.65,2011-12-07 11:35:00,3,4,4,4,444,High Value
17239.0,1,382.5,2011-01-31 09:41:00,313,1,2,2,122,Low Value
17242.0,2,1135.04,2011-08-23 14:55:00,108,2,3,3,233,Low Value
17243.0,26,8676.85,2011-12-08 13:26:00,1,4,4,4,444,High Value
17244.0,1,954.9,2011-10-17 15:19:00,53,2,2,3,223,Low Value
17245.0,1,171.45,2011-05-19 10:43:00,205,1,2,1,121,Low Value
17247.0,1,282.19,2011-11-24 15:21:00,15,4,2,1,421,Loyal
17248.0,1,318.65,2011-08-11 13:34:00,120,2,2,2,222,Low Value
17250.0,2,384.52,2011-12-06 12:15:00,4,4,3,2,432,Loyal
17251.0,1,283.28,2010-12-12 11:06:00,363,1,2,1,121,Low Value
17252.0,2,353.86,2011-08-15 09:45:00,117,2,3,2,232,Low Value
17253.0,1,178.26,2011-11-21 12:59:00,18,4,2,1,421,Loyal
17254.0,2,272.44,2011-12-05 12:46:00,5,4,3,1,431,Loyal
17255.0,2,298.41,2011-10-30 12:18:00,41,3,3,1,331,Loyal
17256.0,2,240.0,2011-08-24 13:30:00,107,2,3,1,231,Low Value
17259.0,2,603.37,2011-07-14 15:01:00,148,1,3,2,132,Low Value
17262.0,5,1253.36,2011-10-18 12:56:00,52,2,4,3,243,Low Value
17263.0,1,63.44,2011-05-15 14:32:00,208,1,2,1,121,Low Value
17265.0,2,562.9,2011-07-24 10:49:00,139,2,3,2,232,Low Value
17266.0,3,310.64,2011-12-07 14:12:00,2,4,3,2,432,Loyal
17267.0,2,317.62,2011-08-04 17:22:00,127,2,3,2,232,Low Value
17268.0,4,763.64,2011-08-24 10:06:00,108,2,3,3,233,Low Value
17272.0,4,2148.63,2011-10-28 16:37:00,42,3,3,4,334,High Value
17274.0,1,111.98,2011-11-04 13:16:00,35,3,2,1,321,Loyal
17277.0,2,1065.35,2011-04-26 12:47:00,228,1,3,3,133,Low Value
17278.0,1,246.04,2011-04-12 13:10:00,241,1,2,1,121,Low Value
17279.0,1,187.83,2011-10-13 11:58:00,58,2,2,1,221,Low Value
17282.0,3,1703.41,2011-08-01 14:29:00,130,2,3,4,234,Low Value
17284.0,6,1652.58,2011-10-10 14:38:00,60,2,4,3,243,Low Value
17286.0,1,153.92,2011-11-18 12:47:00,22,3,2,1,321,Loyal
17287.0,7,1064.11,2011-11-13 13:27:00,26,3,4,3,343,High Value
17288.0,7,1419.73,2011-11-30 16:09:00,9,4,4,3,443,High Value
17289.0,3,944.41,2011-11-08 12:01:00,32,3,3,3,333,High Value
17290.0,2,525.24,2011-12-06 12:38:00,4,4,3,2,432,Loyal
17291.0,1,550.8,2011-02-04 13:04:00,308,1,2,2,122,Low Value
17293.0,9,1875.11,2011-12-01 14:37:00,8,4,4,4,444,High Value
17295.0,3,556.95,2011-11-11 10:49:00,29,3,3,2,332,Loyal
17297.0,1,131.78,2011-11-22 14:43:00,17,4,2,1,421,Loyal
17298.0,2,498.42,2011-08-30 16:43:00,101,2,3,2,232,Low Value
17299.0,4,669.11,2011-11-28 12:01:00,12,4,3,2,432,Loyal
17301.0,1,197.63,2011-11-18 13:43:00,21,3,2,1,321,Loyal
17302.0,5,1135.63,2011-11-25 09:36:00,15,4,4,3,443,High Value
17303.0,1,250.04,2010-12-13 13:32:00,361,1,2,1,121,Low Value
17306.0,19,8631.31,2011-11-29 12:14:00,11,4,4,4,444,High Value
17309.0,1,82.75,2011-09-05 15:20:00,95,2,2,1,221,Low Value
17311.0,2,1384.85,2011-09-22 14:11:00,78,2,3,3,233,Low Value
17312.0,3,644.3,2011-07-24 11:52:00,139,2,3,2,232,Low Value
17313.0,1,2328.84,2011-11-08 15:45:00,31,3,2,4,324,Loyal
17314.0,8,2527.92,2011-11-15 09:41:00,25,3,4,4,344,High Value
17315.0,38,6292.26,2011-12-08 12:15:00,2,4,4,4,444,High Value
17317.0,3,2600.34,2011-10-24 17:19:00,46,3,3,4,334,High Value
17320.0,3,1200.62,2011-08-31 13:31:00,100,2,3,3,233,Low Value
17321.0,2,700.86,2011-12-01 13:41:00,8,4,3,3,433,High Value
17323.0,7,921.07,2011-11-24 17:29:00,15,4,4,3,443,High Value
17324.0,4,990.23,2011-11-22 10:34:00,18,4,3,3,433,High Value
17325.0,1,96.8,2011-03-04 13:09:00,280,1,2,1,121,Low Value
17329.0,2,523.11,2011-11-25 14:24:00,14,4,3,2,432,Loyal
17330.0,2,363.9,2011-11-17 08:56:00,23,3,3,2,332,Loyal
17331.0,1,175.2,2011-08-08 11:55:00,124,2,2,1,221,Low Value
17333.0,1,494.25,2011-09-15 10:11:00,86,2,2,2,222,Low Value
17334.0,2,307.02,2011-02-10 14:59:00,302,1,3,1,131,Low Value
17337.0,4,2027.87,2011-07-11 14:55:00,151,1,3,4,134,Low Value
17338.0,8,6643.93,2011-11-22 14:23:00,17,4,4,4,444,High Value
17339.0,2,243.36,2011-09-06 13:29:00,94,2,3,1,231,Low Value
17340.0,11,12353.29,2011-11-10 10:45:00,30,3,4,4,344,High Value
17341.0,3,781.36,2011-07-06 12:33:00,157,1,3,3,133,Low Value
17343.0,1,193.64,2010-12-19 15:07:00,355,1,2,1,121,Low Value
17344.0,1,160.57,2011-10-24 12:56:00,46,3,2,1,321,Loyal
17345.0,4,537.74,2011-11-24 15:03:00,15,4,3,2,432,Loyal
17346.0,15,2676.56,2011-12-06 12:18:00,4,4,4,4,444,High Value
17347.0,1,228.96,2011-09-14 13:12:00,86,2,2,1,221,Low Value
17348.0,5,1159.52,2011-11-25 11:25:00,15,4,4,3,443,High Value
17349.0,1,110.75,2011-06-13 14:29:00,179,1,2,1,121,Low Value
17350.0,4,1286.07,2011-12-01 15:47:00,8,4,3,3,433,High Value
17351.0,3,587.15,2011-11-03 18:45:00,36,3,3,2,332,Loyal
17353.0,2,1740.0,2011-08-02 17:19:00,129,2,3,4,234,Low Value
17354.0,1,1393.06,2011-10-20 10:34:00,51,3,2,3,323,Loyal
17356.0,1,178.22,2011-02-01 11:07:00,312,1,2,1,121,Low Value
17357.0,2,388.14,2011-11-15 16:30:00,24,3,3,2,332,Loyal
17358.0,2,365.85,2011-02-09 16:57:00,303,1,3,2,132,Low Value
17359.0,1,127.86,2011-11-28 14:37:00,11,4,2,1,421,Loyal
17360.0,3,585.79,2011-11-22 13:11:00,17,4,3,2,432,Loyal
17361.0,3,488.2,2011-10-21 15:43:00,49,3,3,2,332,Loyal
17362.0,2,312.23,2011-04-14 14:43:00,239,1,3,2,132,Low Value
17364.0,11,4481.18,2011-12-09 09:00:00,1,4,4,4,444,High Value
17365.0,8,4801.56,2011-11-27 12:13:00,13,4,4,4,444,High Value
17367.0,1,168.4,2011-04-15 14:21:00,238,1,2,1,121,Low Value
17368.0,8,1912.67,2011-11-16 15:26:00,23,3,4,4,344,High Value
17370.0,4,446.18,2011-09-28 10:14:00,73,2,3,2,232,Low Value
17371.0,3,423.89,2011-11-22 13:30:00,17,4,3,2,432,Loyal
17372.0,8,1342.68,2011-10-30 11:37:00,41,3,4,3,343,High Value
17373.0,4,646.92,2011-10-30 15:28:00,40,3,3,2,332,Loyal
17374.0,2,495.77,2011-05-05 09:05:00,219,1,3,2,132,Low Value
17375.0,3,400.1,2011-05-24 15:45:00,199,1,3,2,132,Low Value
17376.0,2,203.2,2011-09-30 12:36:00,71,2,3,1,231,Low Value
17377.0,20,4100.92,2011-11-16 11:17:00,24,3,4,4,344,High Value
17379.0,1,404.66,2011-11-28 13:56:00,11,4,2,2,422,Loyal
17381.0,29,20275.61,2011-12-01 11:59:00,9,4,4,4,444,High Value
17382.0,1,65.4,2011-10-05 13:05:00,65,2,2,1,221,Low Value
17383.0,1,199.29,2011-12-05 17:36:00,4,4,2,1,421,Loyal
17384.0,2,336.4,2011-11-20 15:48:00,19,3,3,2,332,Loyal
17385.0,1,261.11,2011-11-25 11:02:00,15,4,2,1,421,Loyal
17386.0,6,2686.42,2011-12-02 11:28:00,8,4,4,4,444,High Value
17387.0,2,784.11,2011-11-20 11:00:00,20,3,3,3,333,High Value
17388.0,4,1259.56,2011-09-23 10:31:00,78,2,3,3,233,Low Value
17389.0,34,31833.68,2011-12-09 09:38:00,1,4,4,4,444,High Value
17391.0,2,508.8,2011-06-29 09:58:00,164,1,3,2,132,Low Value
17392.0,2,457.91,2011-02-06 12:48:00,307,1,3,2,132,Low Value
17394.0,1,203.87,2011-05-04 13:22:00,219,1,2,1,121,Low Value
17396.0,8,7330.8,2011-10-31 14:12:00,39,3,4,4,344,High Value
17397.0,2,696.41,2011-11-17 14:08:00,22,3,3,3,333,High Value
17398.0,3,653.38,2011-08-17 09:48:00,115,2,3,2,232,Low Value
17400.0,5,2129.96,2011-08-05 15:38:00,126,2,4,4,244,Low Value
17402.0,13,2633.85,2011-12-05 10:15:00,5,4,4,4,444,High Value
17403.0,1,281.62,2011-11-03 15:18:00,36,3,2,1,321,Loyal
17404.0,15,31906.82,2011-12-05 16:26:00,4,4,4,4,444,High Value
17405.0,3,1031.41,2011-12-08 17:12:00,1,4,3,3,433,High Value
17406.0,3,2200.42,2011-01-10 15:07:00,333,1,3,4,134,Low Value
17408.0,1,32.65,2011-06-29 12:53:00,163,1,2,1,121,Low Value
17409.0,2,771.85,2011-06-08 10:36:00,185,1,3,3,133,Low Value
17410.0,5,1214.72,2011-11-23 15:46:00,16,4,4,3,443,High Value
17411.0,3,778.94,2011-11-27 14:25:00,12,4,3,3,433,High Value
17412.0,7,1258.06,2011-12-07 11:36:00,3,4,4,3,443,High Value
17414.0,2,778.0,2011-10-27 12:13:00,44,3,3,3,333,High Value
17415.0,1,507.84,2011-09-21 12:50:00,80,2,2,2,222,Low Value
17416.0,7,6893.42,2011-11-10 12:47:00,30,3,4,4,344,High Value
17418.0,2,463.46,2011-10-28 13:00:00,42,3,3,2,332,Loyal
17419.0,12,4226.57,2011-11-28 13:47:00,11,4,4,4,444,High Value
17420.0,3,598.83,2011-10-20 14:52:00,50,3,3,2,332,Loyal
17422.0,6,1979.37,2011-11-23 13:27:00,16,4,4,4,444,High Value
17423.0,2,698.41,2011-10-24 13:36:00,46,3,3,3,333,High Value
17425.0,2,759.17,2011-11-20 15:30:00,19,3,3,3,333,High Value
17426.0,6,5037.26,2011-12-01 18:07:00,8,4,4,4,444,High Value
17427.0,1,100.8,2011-09-29 11:29:00,72,2,2,1,221,Low Value
17428.0,28,17256.85,2011-12-09 09:45:00,1,4,4,4,444,High Value
17429.0,3,524.92,2011-08-03 13:22:00,128,2,3,2,232,Low Value
17430.0,2,265.76,2011-11-07 09:24:00,33,3,3,1,331,Loyal
17431.0,1,403.3,2011-01-30 14:36:00,313,1,2,2,122,Low Value
17432.0,2,365.76,2011-11-21 17:33:00,18,4,3,2,432,Loyal
17433.0,1,303.16,2011-09-12 14:24:00,88,2,2,1,221,Low Value
17434.0,7,2373.82,2011-12-07 13:16:00,2,4,4,4,444,High Value
17436.0,2,216.3,2011-12-08 12:30:00,2,4,3,1,431,Loyal
17438.0,1,388.45,2011-03-31 10:26:00,254,1,2,2,122,Low Value
17440.0,3,186.42,2011-07-06 11:54:00,157,1,3,1,131,Low Value
17442.0,6,2248.56,2011-11-03 09:17:00,37,3,4,4,344,High Value
17443.0,1,534.24,2011-05-04 10:47:00,220,1,2,2,122,Low Value
17444.0,3,2940.04,2011-07-15 12:05:00,148,1,3,4,134,Low Value
17446.0,2,120.9,2011-06-16 10:42:00,177,1,3,1,131,Low Value
17447.0,2,541.53,2011-10-30 14:18:00,40,3,3,2,332,Loyal
17449.0,7,2520.86,2011-12-07 16:56:00,2,4,4,4,444,High Value
17450.0,46,194550.79,2011-12-01 13:29:00,8,4,4,4,444,High Value
17451.0,7,1721.4,2011-12-08 15:02:00,1,4,4,4,444,High Value
17453.0,2,486.72,2011-11-22 09:42:00,18,4,3,2,432,Loyal
17454.0,4,517.53,2011-05-31 13:58:00,192,1,3,2,132,Low Value
17455.0,1,131.7,2011-05-20 12:31:00,204,1,2,1,121,Low Value
17456.0,1,249.86,2010-12-09 15:23:00,365,1,2,1,121,Low Value
17457.0,5,1737.7,2011-08-05 12:48:00,127,2,4,4,244,Low Value
17458.0,1,316.5,2011-11-24 13:01:00,15,4,2,2,422,Loyal
17459.0,2,657.3,2011-10-27 13:25:00,43,3,3,2,332,Loyal
17460.0,6,622.43,2011-09-06 15:04:00,94,2,4,2,242,Low Value
17461.0,3,757.46,2011-11-17 10:21:00,23,3,3,3,333,High Value
17462.0,2,675.69,2011-10-10 13:56:00,60,2,3,3,233,Low Value
17463.0,5,1896.41,2011-11-23 13:40:00,16,4,4,4,444,High Value
17464.0,1,289.96,2011-07-04 13:19:00,158,1,2,1,121,Low Value
17466.0,2,763.28,2011-11-29 13:15:00,10,4,3,3,433,High Value
17468.0,2,137.0,2011-11-29 15:33:00,10,4,3,1,431,Loyal
17469.0,5,1870.97,2011-11-23 13:15:00,16,4,4,4,444,High Value
17470.0,5,1125.07,2011-10-26 12:42:00,45,3,4,3,343,High Value
17472.0,3,710.29,2011-06-01 14:57:00,191,1,3,3,133,Low Value
17475.0,1,194.37,2011-09-21 14:55:00,79,2,2,1,221,Low Value
17480.0,1,511.82,2011-09-23 11:39:00,78,2,2,2,222,Low Value
17481.0,4,1255.59,2011-12-06 12:28:00,4,4,3,3,433,High Value
17483.0,3,414.04,2011-10-05 13:10:00,65,2,3,2,232,Low Value
17486.0,1,396.87,2011-03-23 14:00:00,261,1,2,2,122,Low Value
17489.0,2,376.64,2011-10-12 08:56:00,59,2,3,2,232,Low Value
17490.0,7,2092.32,2011-12-09 09:08:00,1,4,4,4,444,High Value
17491.0,10,3558.87,2011-12-08 16:18:00,1,4,4,4,444,High Value
17492.0,1,374.57,2011-04-05 15:21:00,248,1,2,2,122,Low Value
17495.0,2,497.56,2011-12-02 12:08:00,8,4,3,2,432,Loyal
17496.0,1,271.05,2010-12-16 08:39:00,359,1,2,1,121,Low Value
17498.0,1,272.22,2011-09-25 12:25:00,76,2,2,1,221,Low Value
17499.0,1,622.88,2011-02-23 09:14:00,290,1,2,2,122,Low Value
17500.0,3,1138.0,2011-11-22 14:25:00,17,4,3,3,433,High Value
17501.0,2,288.6,2011-05-03 09:47:00,221,1,3,1,131,Low Value
17502.0,4,689.1,2011-11-30 13:13:00,9,4,3,3,433,High Value
17503.0,2,558.96,2011-12-07 09:18:00,3,4,3,2,432,Loyal
17504.0,9,2997.03,2011-05-17 12:59:00,206,1,4,4,144,Low Value
17505.0,2,1145.84,2011-07-01 12:50:00,162,1,3,3,133,Low Value
17506.0,1,302.2,2011-09-25 11:39:00,76,2,2,1,221,Low Value
17507.0,2,605.58,2011-03-23 11:48:00,262,1,3,2,132,Low Value
17508.0,1,387.31,2011-03-04 08:10:00,281,1,2,2,122,Low Value
17509.0,8,6115.14,2011-10-13 10:26:00,58,2,4,4,244,Low Value
17510.0,1,308.48,2011-11-15 10:00:00,25,3,2,2,322,Loyal
17511.0,31,91062.38,2011-12-07 10:12:00,3,4,4,4,444,High Value
17512.0,10,2924.99,2011-11-11 12:11:00,29,3,4,4,344,High Value
17513.0,1,513.2,2011-09-28 16:42:00,72,2,2,2,222,Low Value
17514.0,1,208.65,2011-08-03 15:45:00,128,2,2,1,221,Low Value
17515.0,4,639.02,2011-11-08 14:04:00,31,3,3,2,332,Loyal
17516.0,5,768.08,2011-11-24 16:51:00,15,4,4,3,443,High Value
17517.0,1,153.94,2011-02-04 11:48:00,309,1,2,1,121,Low Value
17519.0,6,1844.02,2011-11-22 16:43:00,17,4,4,4,444,High Value
17520.0,1,546.81,2011-10-17 12:04:00,54,2,2,2,222,Low Value
17521.0,3,723.21,2011-11-10 11:22:00,30,3,3,3,333,High Value
17522.0,5,1070.71,2011-12-08 12:31:00,2,4,4,3,443,High Value
17523.0,4,652.74,2011-11-28 13:20:00,11,4,3,2,432,Loyal
17524.0,1,145.0,2010-12-13 14:32:00,361,1,2,1,121,Low Value
17525.0,1,422.7,2010-12-15 12:05:00,360,1,2,2,122,Low Value
17526.0,4,1195.9,2011-12-05 11:05:00,5,4,3,3,433,High Value
17527.0,4,939.37,2011-10-17 12:32:00,54,2,3,3,233,Low Value
17528.0,8,3628.5,2011-12-08 13:27:00,1,4,4,4,444,High Value
17530.0,10,2385.0,2011-12-08 18:42:00,1,4,4,4,444,High Value
17531.0,1,296.7,2011-06-02 19:17:00,190,1,2,1,121,Low Value
17534.0,1,223.36,2011-10-17 12:47:00,54,2,2,1,221,Low Value
17535.0,1,164.4,2011-03-04 15:20:00,280,1,2,1,121,Low Value
17536.0,1,76.5,2011-06-15 13:23:00,177,1,2,1,121,Low Value
17537.0,2,897.62,2011-11-10 10:56:00,30,3,3,3,333,High Value
17538.0,1,98.42,2011-11-14 12:12:00,26,3,2,1,321,Loyal
17540.0,2,578.9,2011-11-15 11:56:00,25,3,3,2,332,Loyal
17542.0,1,170.75,2011-03-15 11:45:00,270,1,2,1,121,Low Value
17545.0,3,645.96,2011-10-27 14:04:00,43,3,3,2,332,Loyal
17548.0,1,103.3,2011-04-20 12:01:00,234,1,2,1,121,Low Value
17549.0,2,148.86,2011-11-16 09:59:00,24,3,3,1,331,Loyal
17550.0,3,267.16,2011-05-26 14:09:00,197,1,3,1,131,Low Value
17551.0,1,306.84,2010-12-15 14:12:00,359,1,2,1,121,Low Value
17552.0,4,930.41,2011-10-10 17:00:00,60,2,3,3,233,Low Value
17553.0,1,1487.6,2011-08-02 10:00:00,130,2,2,3,223,Low Value
17554.0,5,1952.45,2011-12-08 14:15:00,1,4,4,4,444,High Value
17555.0,2,483.26,2011-11-20 12:22:00,20,3,3,2,332,Loyal
17556.0,1,157.9,2011-05-18 10:48:00,206,1,2,1,121,Low Value
17557.0,3,541.46,2011-11-25 12:57:00,14,4,3,2,432,Loyal
17560.0,5,854.95,2011-09-06 09:18:00,95,2,4,3,243,Low Value
17561.0,1,167.62,2011-11-20 12:53:00,19,3,2,1,321,Loyal
17562.0,7,1122.38,2011-11-25 14:21:00,14,4,4,3,443,High Value
17564.0,3,454.01,2011-11-15 13:27:00,24,3,3,2,332,Loyal
17566.0,2,901.21,2011-12-01 19:54:00,8,4,3,3,433,High Value
17567.0,8,4331.48,2011-12-02 15:48:00,7,4,4,4,444,High Value
17569.0,1,344.14,2011-01-11 14:15:00,332,1,2,2,122,Low Value
17571.0,4,1498.51,2011-10-20 15:57:00,50,3,3,3,333,High Value
17572.0,4,226.75,2011-09-29 17:53:00,71,2,3,1,231,Low Value
17573.0,3,380.6,2011-11-10 13:01:00,29,3,3,2,332,Loyal
17574.0,1,185.65,2011-04-11 09:47:00,243,1,2,1,121,Low Value
17576.0,19,3622.68,2011-12-01 17:56:00,8,4,4,4,444,High Value
17578.0,1,143.46,2011-05-05 18:38:00,218,1,2,1,121,Low Value
17579.0,3,448.9,2011-12-05 12:28:00,5,4,3,2,432,Loyal
17580.0,3,215.72,2011-04-01 12:41:00,253,1,3,1,131,Low Value
17581.0,25,11045.04,2011-12-09 12:21:00,1,4,4,4,444,High Value
17582.0,1,175.27,2011-04-17 13:18:00,236,1,2,1,121,Low Value
17584.0,2,1242.3,2011-12-02 17:12:00,7,4,3,3,433,High Value
17585.0,4,1133.07,2011-08-22 13:30:00,109,2,3,3,233,Low Value
17588.0,3,1240.2,2011-08-31 13:37:00,100,2,3,3,233,Low Value
17589.0,4,2404.17,2011-10-10 16:58:00,60,2,3,4,234,Low Value
17590.0,3,1479.22,2011-12-07 12:55:00,2,4,3,3,433,High Value
17591.0,7,2225.97,2011-09-27 13:42:00,73,2,4,4,244,Low Value
17593.0,5,3927.34,2011-12-06 10:30:00,4,4,4,4,444,High Value
17594.0,2,993.18,2011-09-15 16:34:00,85,2,3,3,233,Low Value
17595.0,2,388.79,2011-11-27 16:08:00,12,4,3,2,432,Loyal
17596.0,7,2827.93,2011-11-16 14:11:00,23,3,4,4,344,High Value
17597.0,1,2044.37,2011-05-10 11:54:00,214,1,2,4,124,Low Value
17600.0,1,161.67,2011-11-22 09:43:00,18,4,2,1,421,Loyal
17601.0,1,116.01,2011-04-14 18:02:00,239,1,2,1,121,Low Value
17602.0,6,5102.97,2011-12-07 13:53:00,2,4,4,4,444,High Value
17603.0,1,394.72,2011-09-22 14:18:00,78,2,2,2,222,Low Value
17604.0,2,309.36,2011-05-06 13:43:00,217,1,3,2,132,Low Value
17608.0,2,193.42,2011-11-06 13:06:00,33,3,3,1,331,Loyal
17609.0,5,1112.22,2011-10-30 12:28:00,41,3,4,3,343,High Value
17611.0,15,3984.22,2011-12-02 13:29:00,7,4,4,4,444,High Value
17612.0,6,2048.45,2011-10-17 14:59:00,53,2,4,4,244,Low Value
17613.0,14,4559.15,2011-11-17 10:51:00,23,3,4,4,344,High Value
17614.0,1,390.07,2011-10-13 16:01:00,57,2,2,2,222,Low Value
17615.0,3,329.6,2011-08-01 14:06:00,130,2,3,2,232,Low Value
17616.0,3,571.2,2011-06-19 10:11:00,174,1,3,2,132,Low Value
17618.0,3,971.58,2011-12-04 11:50:00,6,4,3,3,433,High Value
17619.0,1,218.52,2011-01-31 14:18:00,312,1,2,1,121,Low Value
17620.0,1,81.44,2011-10-11 12:08:00,60,2,2,1,221,Low Value
17621.0,3,1379.9,2011-11-18 17:11:00,21,3,3,3,333,High Value
17623.0,1,527.05,2011-11-07 11:32:00,33,3,2,2,322,Loyal
17624.0,2,843.48,2011-11-25 10:52:00,15,4,3,3,433,High Value
17625.0,4,2047.0,2011-11-21 13:36:00,18,4,3,4,434,High Value
17628.0,1,75.75,2011-09-19 15:21:00,81,2,2,1,221,Low Value
17629.0,8,1814.12,2011-12-04 10:56:00,6,4,4,4,444,High Value
17630.0,2,503.6,2011-06-23 11:58:00,170,1,3,2,132,Low Value
17631.0,3,528.33,2011-12-08 09:47:00,2,4,3,2,432,Loyal
17633.0,4,1324.84,2011-11-08 13:25:00,31,3,3,3,333,High Value
17634.0,9,2361.97,2011-11-03 13:09:00,36,3,4,4,344,High Value
17636.0,1,285.56,2011-11-20 14:40:00,19,3,2,1,321,Loyal
17637.0,2,547.06,2011-11-08 12:51:00,31,3,3,2,332,Loyal
17639.0,1,108.5,2011-03-08 15:22:00,276,1,2,1,121,Low Value
17640.0,1,621.66,2011-09-14 09:13:00,87,2,2,2,222,Low Value
17642.0,2,712.29,2011-08-12 09:11:00,120,2,3,3,233,Low Value
17643.0,1,101.55,2010-12-01 14:38:00,373,1,2,1,121,Low Value
17644.0,11,2895.64,2011-12-08 13:43:00,1,4,4,4,444,High Value
17646.0,3,1008.39,2011-05-04 13:17:00,219,1,3,3,133,Low Value
17647.0,1,133.06,2011-10-05 15:38:00,65,2,2,1,221,Low Value
17648.0,4,1797.5,2011-10-10 09:41:00,61,2,3,4,234,Low Value
17649.0,1,868.49,2011-07-24 15:53:00,138,2,2,3,223,Low Value
17650.0,1,166.08,2011-11-18 14:52:00,21,3,2,1,321,Loyal
17651.0,10,3945.0,2011-11-28 10:29:00,12,4,4,4,444,High Value
17652.0,12,4867.72,2011-11-14 12:55:00,25,3,4,4,344,High Value
17653.0,4,1207.56,2011-11-03 12:46:00,37,3,3,3,333,High Value
17654.0,1,117.55,2011-03-07 13:17:00,277,1,2,1,121,Low Value
17655.0,7,2638.94,2011-11-29 11:34:00,11,4,4,4,444,High Value
17656.0,5,1674.69,2011-09-27 13:04:00,73,2,4,4,244,Low Value
17658.0,2,595.42,2011-11-14 12:07:00,26,3,3,2,332,Loyal
17659.0,12,2999.46,2011-11-22 13:29:00,17,4,4,4,444,High Value
17660.0,1,196.0,2011-07-21 13:37:00,141,2,2,1,221,Low Value
17663.0,7,1802.91,2011-11-14 08:56:00,26,3,4,4,344,High Value
17664.0,2,604.64,2011-11-21 11:29:00,19,3,3,2,332,Loyal
17666.0,2,728.16,2011-12-06 09:06:00,4,4,3,3,433,High Value
17667.0,5,2055.51,2011-10-04 14:32:00,66,2,4,4,244,Low Value
17668.0,2,347.75,2011-12-08 13:25:00,1,4,3,2,432,Loyal
17669.0,7,3406.72,2011-10-28 08:53:00,43,3,4,4,344,High Value
17670.0,1,205.7,2011-04-26 09:12:00,228,1,2,1,121,Low Value
17671.0,4,1572.71,2011-11-24 12:21:00,16,4,3,3,433,High Value
17672.0,2,3178.17,2011-10-20 14:18:00,50,3,3,4,334,High Value
17673.0,6,1629.12,2011-12-08 12:50:00,2,4,4,3,443,High Value
17674.0,2,551.04,2011-09-26 13:35:00,74,2,3,2,232,Low Value
17675.0,31,20374.28,2011-12-08 18:03:00,1,4,4,4,444,High Value
17676.0,6,1387.68,2011-12-05 15:16:00,4,4,4,3,443,High Value
17677.0,30,16363.23,2011-12-08 09:56:00,2,4,4,4,444,High Value
17678.0,1,298.11,2011-03-21 11:52:00,264,1,2,1,121,Low Value
17679.0,2,1992.11,2011-10-18 07:43:00,53,2,3,4,234,Low Value
17680.0,1,184.4,2011-11-16 12:42:00,24,3,2,1,321,Loyal
17682.0,6,2474.33,2011-11-29 15:59:00,10,4,4,4,444,High Value
17684.0,1,239.41,2011-10-27 11:10:00,44,3,2,1,321,Loyal
17685.0,7,3191.53,2011-11-23 11:36:00,17,4,4,4,444,High Value
17686.0,7,5739.46,2011-12-02 15:39:00,7,4,4,4,444,High Value
17690.0,15,4757.95,2011-11-09 15:17:00,30,3,4,4,344,High Value
17691.0,2,290.4,2010-12-16 17:20:00,358,1,3,1,131,Low Value
17692.0,4,740.94,2011-08-04 14:01:00,127,2,3,3,233,Low Value
17693.0,1,200.47,2011-07-25 15:48:00,137,2,2,1,221,Low Value
17694.0,1,283.12,2011-07-21 12:00:00,142,2,2,1,221,Low Value
17695.0,2,765.34,2011-07-31 10:40:00,132,2,3,3,233,Low Value
17696.0,8,2285.71,2011-11-01 13:43:00,38,3,4,4,344,High Value
17697.0,1,338.95,2011-04-17 15:40:00,236,1,2,2,122,Low Value
17698.0,1,154.95,2011-03-24 11:34:00,261,1,2,1,121,Low Value
17700.0,4,2534.64,2011-11-23 11:51:00,17,4,3,4,434,High Value
17701.0,1,417.95,2011-04-01 12:25:00,253,1,2,2,122,Low Value
17702.0,4,1824.37,2011-11-09 16:03:00,30,3,3,4,334,High Value
17703.0,3,798.74,2011-11-04 15:51:00,35,3,3,3,333,High Value
17704.0,2,885.19,2011-06-24 09:40:00,169,1,3,3,133,Low Value
17705.0,9,1823.52,2011-12-06 13:45:00,3,4,4,4,444,High Value
17706.0,17,10504.49,2011-12-05 13:34:00,4,4,4,4,444,High Value
17707.0,2,152.4,2011-06-07 15:03:00,185,1,3,1,131,Low Value
17708.0,2,267.08,2011-06-05 10:12:00,188,1,3,1,131,Low Value
17709.0,1,137.45,2011-06-23 11:55:00,170,1,2,1,121,Low Value
17711.0,2,385.1,2011-11-29 11:40:00,11,4,3,2,432,Loyal
17712.0,1,522.91,2011-10-26 12:28:00,45,3,2,2,322,Loyal
17714.0,1,153.0,2011-01-23 10:32:00,321,1,2,1,121,Low Value
17715.0,1,326.4,2011-05-23 12:32:00,201,1,2,2,122,Low Value
17716.0,11,5655.99,2011-11-17 12:00:00,23,3,4,4,344,High Value
17718.0,1,139.35,2011-04-21 13:39:00,232,1,2,1,121,Low Value
17719.0,15,5396.04,2011-11-02 10:36:00,38,3,4,4,344,High Value
17720.0,4,1195.94,2011-11-13 15:04:00,26,3,3,3,333,High Value
17722.0,4,2424.04,2011-09-04 15:22:00,96,2,3,4,234,Low Value
17723.0,6,3276.4,2011-08-04 18:37:00,127,2,4,4,244,Low Value
17724.0,3,1033.0,2011-09-29 15:26:00,71,2,3,3,233,Low Value
17725.0,11,3439.08,2011-11-23 16:34:00,16,4,4,4,444,High Value
17727.0,1,1060.25,2011-11-24 17:06:00,15,4,2,3,423,Loyal
17728.0,3,2876.01,2011-12-06 08:52:00,4,4,3,4,434,High Value
17730.0,13,5298.48,2011-12-06 15:43:00,3,4,4,4,444,High Value
17731.0,4,1240.11,2011-09-21 15:02:00,79,2,3,3,233,Low Value
17732.0,1,303.97,2010-12-02 09:29:00,373,1,2,1,121,Low Value
17733.0,2,692.19,2011-11-01 08:16:00,39,3,3,3,333,High Value
17734.0,3,700.63,2011-10-17 12:33:00,54,2,3,3,233,Low Value
17735.0,19,13110.02,2011-12-07 16:47:00,2,4,4,4,444,High Value
17736.0,3,377.44,2011-11-30 15:36:00,9,4,3,2,432,Loyal
17737.0,2,168.24,2011-11-30 15:16:00,9,4,3,1,431,Loyal
17738.0,4,1879.05,2011-11-20 15:05:00,19,3,3,4,334,High Value
17739.0,7,2791.35,2011-11-28 09:12:00,12,4,4,4,444,High Value
17742.0,2,355.11,2011-08-18 15:28:00,113,2,3,2,232,Low Value
17744.0,6,2322.4,2011-12-06 12:11:00,4,4,4,4,444,High Value
17746.0,1,110.25,2011-04-13 14:31:00,240,1,2,1,121,Low Value
17747.0,1,71.4,2011-08-19 08:13:00,113,2,2,1,221,Low Value
17749.0,2,674.52,2011-06-14 15:45:00,178,1,3,3,133,Low Value
17750.0,9,1797.57,2011-12-04 14:09:00,5,4,4,4,444,High Value
17752.0,1,80.64,2010-12-15 16:19:00,359,1,2,1,121,Low Value
17754.0,5,1772.26,2011-12-09 11:20:00,1,4,4,4,444,High Value
17757.0,30,5605.29,2011-12-08 15:31:00,1,4,4,4,444,High Value
17758.0,8,3456.7,2011-11-20 14:45:00,19,3,4,4,344,High Value
17759.0,3,834.99,2011-11-22 16:02:00,17,4,3,3,433,High Value
17760.0,2,287.59,2011-11-18 10:56:00,22,3,3,1,331,Loyal
17761.0,1,712.78,2011-11-07 10:23:00,33,3,2,3,323,Loyal
17763.0,1,15.0,2011-03-21 14:25:00,263,1,2,1,121,Low Value
17764.0,2,818.82,2011-10-20 11:03:00,51,3,3,3,333,High Value
17765.0,3,371.88,2011-07-04 12:41:00,159,1,3,2,132,Low Value
17767.0,1,271.2,2011-11-24 14:42:00,15,4,2,1,421,Loyal
17768.0,3,2273.18,2011-12-01 13:22:00,8,4,3,4,434,High Value
17769.0,10,3997.98,2011-11-27 11:18:00,13,4,4,4,444,High Value
17770.0,5,1143.27,2011-05-25 12:34:00,199,1,4,3,143,Low Value
17771.0,2,245.81,2011-10-14 11:43:00,57,2,3,1,231,Low Value
17772.0,2,182.77,2011-11-29 11:05:00,11,4,3,1,431,Loyal
17774.0,4,1225.41,2011-09-04 12:49:00,97,2,3,3,233,Low Value
17775.0,1,56.4,2011-03-30 10:50:00,255,1,2,1,121,Low Value
17777.0,3,665.86,2011-11-15 12:02:00,25,3,3,2,332,Loyal
17779.0,3,658.57,2011-11-18 14:15:00,21,3,3,2,332,Loyal
17781.0,2,188.02,2011-07-03 16:00:00,159,1,3,1,131,Low Value
17783.0,2,283.47,2011-09-28 16:07:00,72,2,3,1,231,Low Value
17785.0,1,131.94,2011-10-17 13:43:00,53,2,2,1,221,Low Value
17786.0,2,278.74,2011-09-15 12:51:00,85,2,3,1,231,Low Value
17787.0,4,1865.19,2011-07-10 11:24:00,153,1,3,4,134,Low Value
17788.0,2,1117.9,2011-09-27 10:09:00,74,2,3,3,233,Low Value
17789.0,1,225.9,2011-03-03 13:14:00,281,1,2,1,121,Low Value
17790.0,14,1965.55,2011-11-13 11:30:00,27,3,4,4,344,High Value
17791.0,1,106.1,2011-11-10 12:09:00,30,3,2,1,321,Loyal
17793.0,1,323.04,2011-11-14 14:24:00,25,3,2,2,322,Loyal
17795.0,2,350.39,2011-06-13 12:36:00,180,1,3,2,132,Low Value
17796.0,4,697.9,2011-10-30 15:38:00,40,3,3,3,333,High Value
17797.0,3,780.43,2011-11-17 13:21:00,22,3,3,3,333,High Value
17799.0,10,3055.93,2011-11-17 15:16:00,22,3,4,4,344,High Value
17800.0,9,1199.01,2011-11-02 12:57:00,37,3,4,3,343,High Value
17802.0,3,1285.04,2011-09-18 14:56:00,82,2,3,3,233,Low Value
17805.0,1,512.31,2011-09-27 11:49:00,74,2,2,2,222,Low Value
17806.0,1,546.04,2011-11-28 14:12:00,11,4,2,2,422,Loyal
17809.0,12,5411.91,2011-11-23 12:59:00,16,4,4,4,444,High Value
17811.0,39,7837.73,2011-12-05 13:46:00,4,4,4,4,444,High Value
17812.0,4,732.16,2011-11-27 11:47:00,13,4,3,3,433,High Value
17813.0,5,1770.88,2011-11-25 16:13:00,14,4,4,4,444,High Value
17816.0,4,36.56,2011-11-03 11:34:00,37,3,3,1,331,Loyal
17817.0,3,387.68,2011-12-05 14:39:00,4,4,3,2,432,Loyal
17819.0,7,3704.87,2011-09-29 10:52:00,72,2,4,4,244,Low Value
17824.0,1,298.4,2011-10-19 14:14:00,51,3,2,1,321,Loyal
17827.0,5,1995.46,2011-12-04 15:00:00,5,4,4,4,444,High Value
17828.0,4,1820.09,2011-11-17 08:41:00,23,3,3,4,334,High Value
17829.0,1,889.24,2011-02-14 12:46:00,299,1,2,3,123,Low Value
17830.0,3,398.7,2011-12-08 12:28:00,2,4,3,2,432,Loyal
17831.0,1,35.4,2011-11-06 15:09:00,33,3,2,1,321,Loyal
17832.0,1,155.37,2011-10-21 11:43:00,50,3,2,1,321,Loyal
17835.0,3,350.64,2011-12-07 11:48:00,3,4,3,2,432,Loyal
17836.0,1,110.21,2011-10-23 16:13:00,47,3,2,1,321,Loyal
17837.0,8,1593.38,2011-10-28 16:13:00,42,3,4,3,343,High Value
17838.0,5,2779.3,2011-11-13 11:20:00,27,3,4,4,344,High Value
17839.0,1,338.8,2011-10-28 17:27:00,42,3,2,2,322,Loyal
17841.0,124,40991.57,2011-12-08 12:07:00,2,4,4,4,444,High Value
17843.0,1,205.48,2011-02-09 15:33:00,303,1,2,1,121,Low Value
17844.0,1,51.56,2011-08-25 11:27:00,107,2,2,1,221,Low Value
17846.0,1,2033.1,2011-09-15 15:20:00,85,2,2,4,224,Low Value
17848.0,9,901.2,2011-09-19 16:49:00,81,2,4,3,243,Low Value
17849.0,4,605.8,2011-05-05 13:46:00,218,1,3,2,132,Low Value
17850.0,34,5391.21,2010-12-02 15:27:00,372,1,4,4,144,Low Value
17852.0,2,114.34,2011-11-28 12:36:00,12,4,3,1,431,Loyal
17854.0,2,311.26,2011-06-07 16:21:00,185,1,3,2,132,Low Value
17855.0,1,208.97,2010-12-02 09:44:00,373,1,2,1,121,Low Value
17856.0,4,1418.03,2011-12-08 09:40:00,2,4,3,3,433,High Value
17857.0,23,26879.04,2011-12-05 13:13:00,4,4,4,4,444,High Value
17858.0,12,5155.66,2011-12-04 11:56:00,6,4,4,4,444,High Value
17859.0,1,148.21,2011-02-08 10:32:00,305,1,2,1,121,Low Value
17860.0,1,252.8,2010-12-06 12:41:00,369,1,2,1,121,Low Value
17861.0,8,2100.8,2011-12-06 16:21:00,3,4,4,4,444,High Value
17862.0,1,330.9,2011-01-20 12:23:00,324,1,2,2,122,Low Value
17863.0,6,3160.0,2011-10-11 13:45:00,59,2,4,4,244,Low Value
17864.0,3,597.5,2011-11-27 11:15:00,13,4,3,2,432,Loyal
17865.0,20,10526.32,2011-11-09 12:08:00,31,3,4,4,344,High Value
17866.0,1,329.65,2011-07-20 11:07:00,143,1,2,2,122,Low Value
17867.0,6,1197.1,2011-11-09 14:15:00,30,3,4,3,343,High Value
17869.0,5,428.18,2011-08-24 16:16:00,107,2,4,2,242,Low Value
17870.0,12,1894.35,2011-12-07 15:07:00,2,4,4,4,444,High Value
17871.0,1,155.9,2011-05-19 11:32:00,205,1,2,1,121,Low Value
17873.0,5,1859.16,2011-09-20 16:41:00,80,2,4,4,244,Low Value
17874.0,6,683.46,2011-06-07 12:54:00,185,1,4,3,143,Low Value
17877.0,1,237.61,2011-06-22 13:00:00,170,1,2,1,121,Low Value
17878.0,1,379.45,2011-10-27 11:24:00,44,3,2,2,322,Loyal
17879.0,1,178.52,2011-06-19 12:36:00,174,1,2,1,121,Low Value
17880.0,1,458.92,2010-12-10 10:21:00,365,1,2,2,122,Low Value
17881.0,1,133.35,2011-02-08 17:16:00,304,1,2,1,121,Low Value
17883.0,4,671.77,2011-12-06 17:49:00,3,4,3,2,432,Loyal
17884.0,4,717.45,2011-12-06 11:33:00,4,4,3,3,433,High Value
17885.0,1,190.19,2011-11-27 14:40:00,12,4,2,1,421,Loyal
17886.0,3,899.61,2011-11-08 10:09:00,32,3,3,3,333,High Value
17887.0,1,111.35,2011-08-02 17:29:00,129,2,2,1,221,Low Value
17888.0,8,726.05,2011-11-18 13:45:00,21,3,4,3,343,High Value
17889.0,2,203.87,2011-05-11 16:26:00,212,1,3,1,131,Low Value
17890.0,2,602.09,2011-01-21 11:19:00,323,1,3,2,132,Low Value
17891.0,1,203.86,2011-06-30 20:08:00,162,1,2,1,121,Low Value
17892.0,3,244.1,2011-10-14 16:49:00,56,2,3,1,231,Low Value
17893.0,1,112.25,2011-04-28 13:50:00,225,1,2,1,121,Low Value
17894.0,8,1119.81,2011-09-29 09:23:00,72,2,4,3,243,Low Value
17895.0,1,98.0,2011-10-26 17:00:00,44,3,2,1,321,Loyal
17896.0,1,256.32,2011-11-16 13:59:00,23,3,2,1,321,Loyal
17897.0,3,566.6,2011-06-20 11:23:00,173,1,3,2,132,Low Value
17898.0,2,152.06,2011-09-15 14:56:00,85,2,3,1,231,Low Value
17899.0,1,155.8,2011-07-03 14:58:00,159,1,2,1,121,Low Value
17900.0,2,112.2,2011-06-02 14:38:00,190,1,3,1,131,Low Value
17901.0,1,110.38,2011-11-10 17:29:00,29,3,2,1,321,Loyal
17904.0,1,191.67,2011-11-18 12:57:00,21,3,2,1,321,Loyal
17905.0,4,800.24,2011-09-29 17:33:00,71,2,3,3,233,Low Value
17906.0,1,72.9,2011-04-06 17:25:00,247,1,2,1,121,Low Value
17908.0,1,243.28,2010-12-01 11:45:00,374,1,2,1,121,Low Value
17911.0,1,366.23,2011-11-30 14:52:00,9,4,2,2,422,Loyal
17912.0,5,311.01,2011-02-02 14:25:00,310,1,4,2,142,Low Value
17913.0,2,411.6,2011-10-12 10:45:00,59,2,3,2,232,Low Value
17914.0,1,336.43,2011-12-06 11:58:00,4,4,2,2,422,Loyal
17917.0,3,341.28,2011-10-25 13:20:00,45,3,3,2,332,Loyal
17919.0,1,1304.04,2011-09-12 13:41:00,88,2,2,3,223,Low Value
17920.0,17,4204.1,2011-12-05 14:29:00,4,4,4,4,444,High Value
17921.0,4,826.52,2011-10-06 18:56:00,64,2,3,3,233,Low Value
17923.0,1,207.5,2011-03-02 15:15:00,282,1,2,1,121,Low Value
17924.0,7,2962.5,2011-11-28 09:11:00,12,4,4,4,444,High Value
17925.0,1,244.08,2010-12-02 10:10:00,373,1,2,1,121,Low Value
17926.0,2,397.29,2011-07-29 14:39:00,133,2,3,2,232,Low Value
17928.0,2,212.54,2011-10-25 13:52:00,45,3,3,1,331,Loyal
17929.0,4,843.0,2011-11-28 16:01:00,11,4,3,3,433,High Value
17930.0,5,1740.48,2011-11-04 10:23:00,36,3,4,4,344,High Value
17931.0,2,408.36,2011-07-28 18:33:00,134,2,3,2,232,Low Value
17932.0,3,1331.57,2011-11-10 19:49:00,29,3,3,3,333,High Value
17934.0,2,704.25,2011-10-19 11:16:00,52,2,3,3,233,Low Value
17935.0,2,145.79,2011-07-24 13:18:00,138,2,3,1,231,Low Value
17936.0,1,389.84,2011-12-04 13:32:00,5,4,2,2,422,Loyal
17937.0,7,4301.22,2011-12-01 11:45:00,9,4,4,4,444,High Value
17939.0,1,99.14,2011-07-03 12:27:00,160,1,2,1,121,Low Value
17940.0,10,4106.44,2011-10-21 13:27:00,49,3,4,4,344,High Value
17941.0,1,304.56,2011-08-01 08:30:00,131,2,2,1,221,Low Value
17942.0,1,77.5,2011-12-02 10:45:00,8,4,2,1,421,Loyal
17946.0,2,149.58,2011-04-20 17:00:00,233,1,3,1,131,Low Value
17947.0,1,176.68,2011-11-02 13:05:00,37,3,2,1,321,Loyal
17948.0,1,358.56,2011-07-15 12:58:00,147,1,2,2,122,Low Value
17949.0,45,58510.48,2011-12-08 18:46:00,1,4,4,4,444,High Value
17950.0,3,482.2,2011-09-28 15:18:00,72,2,3,2,232,Low Value
17951.0,3,1008.54,2011-10-31 12:30:00,40,3,3,3,333,High Value
17954.0,12,2332.72,2011-12-04 14:15:00,5,4,4,4,444,High Value
17955.0,4,557.3,2011-05-25 12:00:00,199,1,3,2,132,Low Value
17956.0,1,12.75,2011-04-04 13:47:00,249,1,2,1,121,Low Value
17957.0,1,111.68,2011-10-04 14:58:00,66,2,2,1,221,Low Value
17958.0,1,508.46,2011-08-15 12:19:00,117,2,2,2,222,Low Value
17960.0,1,73.78,2011-06-21 14:15:00,171,1,2,1,121,Low Value
17961.0,39,1296.44,2011-11-18 16:55:00,21,3,4,3,343,High Value
17962.0,1,102.83,2011-07-20 14:16:00,142,2,2,1,221,Low Value
17964.0,2,471.7,2011-11-08 10:44:00,32,3,3,2,332,Loyal
17965.0,14,2622.57,2011-11-02 09:31:00,38,3,4,4,344,High Value
17966.0,5,1098.43,2011-11-02 10:26:00,38,3,4,3,343,High Value
17967.0,1,123.07,2010-12-03 11:19:00,372,1,2,1,121,Low Value
17968.0,1,277.35,2010-12-01 12:23:00,374,1,2,1,121,Low Value
17969.0,2,228.2,2011-06-26 13:00:00,166,1,3,1,131,Low Value
17970.0,1,582.59,2011-05-12 20:03:00,211,1,2,2,122,Low Value
17972.0,1,136.04,2011-04-12 12:16:00,242,1,2,1,121,Low Value
17973.0,1,337.04,2011-10-19 10:34:00,52,2,2,2,222,Low Value
17974.0,3,740.79,2011-11-15 11:37:00,25,3,3,3,333,High Value
17975.0,13,4488.81,2011-11-24 13:27:00,15,4,4,4,444,High Value
17976.0,1,353.19,2010-12-02 13:49:00,372,1,2,2,122,Low Value
17977.0,1,288.14,2011-11-10 13:28:00,29,3,2,1,321,Loyal
17978.0,1,300.92,2010-12-09 14:05:00,365,1,2,1,121,Low Value
17979.0,4,757.71,2011-11-04 12:05:00,36,3,3,3,333,High Value
17980.0,3,811.45,2011-06-27 12:01:00,166,1,3,3,133,Low Value
17984.0,1,152.68,2011-07-17 15:59:00,145,1,2,1,121,Low Value
17985.0,1,634.95,2011-11-17 14:24:00,22,3,2,2,322,Loyal
17986.0,1,20.8,2011-10-14 14:22:00,56,2,2,1,221,Low Value
17987.0,1,198.57,2011-06-07 14:22:00,185,1,2,1,121,Low Value
17988.0,7,201.12,2011-11-28 11:00:00,12,4,4,1,441,Loyal
17990.0,3,630.84,2011-04-17 11:44:00,237,1,3,2,132,Low Value
17991.0,2,93.35,2011-04-28 15:58:00,225,1,3,1,131,Low Value
17994.0,4,678.49,2011-08-10 11:41:00,122,2,3,3,233,Low Value
17995.0,1,76.1,2011-03-03 12:30:00,282,1,2,1,121,Low Value
17997.0,8,1970.67,2011-09-26 16:13:00,74,2,4,4,244,Low Value
17999.0,2,382.06,2011-11-02 15:56:00,37,3,3,2,332,Loyal
18001.0,2,417.23,2011-11-27 16:02:00,12,4,3,2,432,Loyal
18004.0,1,169.47,2010-12-12 13:47:00,362,1,2,1,121,Low Value
18005.0,2,249.72,2011-12-06 11:51:00,4,4,3,1,431,Loyal
18006.0,1,444.68,2011-11-16 16:52:00,23,3,2,2,322,Loyal
18008.0,9,2116.19,2011-09-30 15:17:00,70,2,4,4,244,Low Value
18009.0,1,257.34,2011-04-18 13:36:00,235,1,2,1,121,Low Value
18010.0,1,174.8,2011-03-28 12:27:00,257,1,2,1,121,Low Value
18011.0,1,102.79,2010-12-01 17:35:00,373,1,2,1,121,Low Value
18013.0,2,187.29,2011-07-07 14:11:00,155,1,3,1,131,Low Value
18014.0,1,166.42,2011-11-11 15:28:00,28,3,2,1,321,Loyal
18015.0,1,120.03,2011-12-05 14:49:00,4,4,2,1,421,Loyal
18016.0,5,1483.56,2011-11-07 13:25:00,32,3,4,3,343,High Value
18017.0,3,523.0,2011-09-19 16:15:00,81,2,3,2,232,Low Value
18018.0,2,122.14,2011-08-23 17:37:00,108,2,3,1,231,Low Value
18019.0,1,38.45,2011-10-19 12:10:00,52,2,2,1,221,Low Value
18022.0,1,668.11,2011-11-04 12:45:00,36,3,2,2,322,Loyal
18024.0,2,389.78,2011-07-10 12:40:00,153,1,3,2,132,Low Value
18027.0,1,115.31,2011-09-02 10:38:00,99,2,2,1,221,Low Value
18030.0,2,230.65,2011-12-05 16:37:00,4,4,3,1,431,Loyal
18032.0,1,73.5,2011-01-09 15:32:00,334,1,2,1,121,Low Value
18033.0,1,97.97,2011-10-05 17:28:00,65,2,2,1,221,Low Value
18034.0,2,422.88,2011-11-18 12:22:00,22,3,3,2,332,Loyal
18035.0,3,730.4,2011-11-04 12:39:00,36,3,3,3,333,High Value
18036.0,3,405.62,2011-11-07 14:40:00,32,3,3,2,332,Loyal
18037.0,6,70.02,2011-07-08 13:39:00,154,1,4,1,141,Low Value
18040.0,2,357.2,2011-11-20 14:20:00,19,3,3,2,332,Loyal
18041.0,21,4183.39,2011-11-28 11:39:00,12,4,4,4,444,High Value
18042.0,1,165.05,2011-10-17 11:49:00,54,2,2,1,221,Low Value
18043.0,3,559.51,2011-11-15 12:48:00,25,3,3,2,332,Loyal
18044.0,10,2088.6,2011-12-05 14:26:00,4,4,4,4,444,High Value
18045.0,1,189.4,2011-10-25 13:07:00,45,3,2,1,321,Loyal
18048.0,2,172.29,2011-05-20 14:58:00,203,1,3,1,131,Low Value
18050.0,1,74.4,2010-12-15 14:25:00,359,1,2,1,121,Low Value
18053.0,1,300.02,2011-09-30 09:05:00,71,2,2,1,221,Low Value
18055.0,10,6784.19,2011-12-02 14:25:00,7,4,4,4,444,High Value
18056.0,1,363.65,2011-02-24 14:27:00,288,1,2,2,122,Low Value
18058.0,1,170.16,2011-11-30 08:38:00,10,4,2,1,421,Loyal
18059.0,3,306.46,2011-11-16 16:49:00,23,3,3,1,331,Loyal
18061.0,10,2119.41,2011-11-18 11:20:00,22,3,4,4,344,High Value
18062.0,3,720.52,2011-06-19 14:47:00,173,1,3,3,133,Low Value
18064.0,2,814.0,2011-07-29 16:39:00,133,2,3,3,233,Low Value
18065.0,14,2392.83,2011-12-04 10:30:00,6,4,4,4,444,High Value
18066.0,1,318.0,2011-09-25 15:30:00,75,2,2,2,222,Low Value
18067.0,1,396.33,2011-10-30 15:58:00,40,3,2,2,322,Loyal
18068.0,1,101.7,2011-02-23 14:50:00,289,1,2,1,121,Low Value
18069.0,5,2036.67,2011-11-13 16:03:00,26,3,4,4,344,High Value
18071.0,2,453.0,2011-03-27 11:59:00,258,1,3,2,132,Low Value
18072.0,1,247.44,2011-06-07 10:44:00,186,1,2,1,121,Low Value
18073.0,12,3877.52,2011-08-17 14:02:00,114,2,4,4,244,Low Value
18074.0,1,489.6,2010-12-01 09:53:00,374,1,2,2,122,Low Value
18075.0,10,2611.75,2011-11-16 15:21:00,23,3,4,4,344,High Value
18077.0,11,2633.01,2011-12-01 13:32:00,8,4,4,4,444,High Value
18078.0,2,336.13,2011-05-06 14:32:00,217,1,3,2,132,Low Value
18079.0,4,3651.97,2011-10-25 15:27:00,45,3,3,4,334,High Value
18080.0,2,1231.5,2011-11-21 08:02:00,19,3,3,3,333,High Value
18081.0,3,343.45,2011-11-03 16:30:00,36,3,3,2,332,Loyal
18082.0,1,703.37,2011-11-14 12:45:00,26,3,2,3,323,Loyal
18084.0,1,90.48,2011-11-23 13:57:00,16,4,2,1,421,Loyal
18085.0,2,689.95,2011-01-13 15:17:00,330,1,3,3,133,Low Value
18086.0,1,101.34,2011-03-10 13:34:00,274,1,2,1,121,Low Value
18087.0,2,4055.72,2011-09-02 15:12:00,98,2,3,4,234,Low Value
18088.0,1,167.67,2011-10-09 13:41:00,61,2,2,1,221,Low Value
18092.0,11,9068.26,2011-12-07 13:14:00,2,4,4,4,444,High Value
18093.0,4,2106.52,2011-09-07 15:43:00,93,2,3,4,234,Low Value
18094.0,7,3017.3,2011-09-19 09:28:00,82,2,4,4,244,Low Value
18095.0,2,580.05,2011-01-31 12:50:00,313,1,3,2,132,Low Value
18096.0,3,911.15,2011-11-28 12:44:00,12,4,3,3,433,High Value
18097.0,6,2697.8,2011-12-02 11:16:00,8,4,4,4,444,High Value
18099.0,1,168.31,2011-08-04 15:52:00,127,2,2,1,221,Low Value
18101.0,2,223.65,2011-11-28 13:37:00,11,4,3,1,431,Loyal
18102.0,60,259657.3,2011-12-09 11:50:00,1,4,4,4,444,High Value
18104.0,1,754.64,2011-11-02 14:07:00,37,3,2,3,323,Loyal
18105.0,1,113.48,2011-11-02 12:04:00,38,3,2,1,321,Loyal
18106.0,1,430.7,2011-01-14 12:23:00,330,1,2,2,122,Low Value
18108.0,1,271.0,2011-03-30 13:56:00,254,1,2,1,121,Low Value
18109.0,26,8052.97,2011-12-08 11:36:00,2,4,4,4,444,High Value
18110.0,1,236.3,2011-11-20 12:34:00,20,3,2,1,321,Loyal
18112.0,2,352.69,2011-11-27 14:43:00,12,4,3,2,432,Loyal
18113.0,1,76.32,2010-12-06 12:31:00,369,1,2,1,121,Low Value
18114.0,1,220.1,2011-02-22 13:20:00,290,1,2,1,121,Low Value
18116.0,8,1418.03,2011-10-03 11:00:00,68,2,4,3,243,Low Value
18117.0,1,320.72,2011-11-14 12:47:00,26,3,2,2,322,Loyal
18118.0,26,5653.82,2011-11-29 11:32:00,11,4,4,4,444,High Value
18119.0,1,181.12,2010-12-07 11:59:00,368,1,2,1,121,Low Value
18120.0,1,111.15,2011-05-09 13:45:00,214,1,2,1,121,Low Value
18121.0,2,673.1,2011-07-13 12:53:00,149,1,3,2,132,Low Value
18122.0,6,1826.21,2011-12-01 13:08:00,8,4,4,4,444,High Value
18123.0,2,589.44,2011-11-15 14:23:00,24,3,3,2,332,Loyal
18125.0,4,1142.99,2011-11-10 12:29:00,30,3,3,3,333,High Value
18126.0,1,206.83,2011-10-10 12:19:00,61,2,2,1,221,Low Value
18127.0,3,348.73,2011-11-20 14:05:00,19,3,3,2,332,Loyal
18129.0,1,112.55,2011-04-10 14:16:00,243,1,2,1,121,Low Value
18130.0,3,1059.39,2011-11-24 14:40:00,15,4,3,3,433,High Value
18133.0,1,931.5,2011-05-11 14:14:00,212,1,2,3,123,Low Value
18135.0,5,681.91,2011-11-10 19:32:00,29,3,4,3,343,High Value
18136.0,3,784.33,2011-10-07 15:40:00,63,2,3,3,233,Low Value
18138.0,1,152.65,2011-02-17 14:51:00,295,1,2,1,121,Low Value
18139.0,6,8438.34,2011-11-22 10:44:00,18,4,4,4,444,High Value
18142.0,2,1019.52,2011-07-05 13:19:00,157,1,3,3,133,Low Value
18143.0,2,1000.16,2011-08-15 12:07:00,117,2,3,3,233,Low Value
18144.0,12,2888.75,2011-12-02 12:46:00,8,4,4,4,444,High Value
18145.0,4,2861.55,2011-11-27 11:22:00,13,4,3,4,434,High Value
18146.0,2,160.35,2011-07-22 12:08:00,141,2,3,1,231,Low Value
18147.0,2,179.34,2011-10-25 11:46:00,46,3,3,1,331,Loyal
18149.0,3,612.08,2011-10-20 12:04:00,51,3,3,2,332,Loyal
18150.0,3,566.58,2011-11-07 16:49:00,32,3,3,2,332,Loyal
18151.0,2,653.35,2011-07-28 11:35:00,135,2,3,2,232,Low Value
18154.0,2,399.19,2011-12-06 16:41:00,3,4,3,2,432,Loyal
18155.0,3,371.62,2011-09-25 13:32:00,75,2,3,2,232,Low Value
18156.0,2,734.94,2011-11-27 12:24:00,13,4,3,3,433,High Value
18158.0,2,453.4,2011-11-30 16:19:00,9,4,3,2,432,Loyal
18159.0,1,530.15,2011-02-11 14:26:00,301,1,2,2,122,Low Value
18160.0,2,638.06,2011-10-13 15:50:00,57,2,3,2,232,Low Value
18161.0,5,1618.69,2011-11-24 16:40:00,15,4,4,3,443,High Value
18164.0,1,399.65,2011-11-02 12:56:00,37,3,2,2,322,Loyal
18165.0,1,302.46,2011-06-15 13:23:00,177,1,2,1,121,Low Value
18167.0,3,1384.86,2011-11-16 15:56:00,23,3,3,3,333,High Value
18168.0,6,1169.94,2011-06-16 19:21:00,176,1,4,3,143,Low Value
18169.0,1,202.65,2011-10-10 12:18:00,61,2,2,1,221,Low Value
18170.0,3,980.31,2011-11-06 14:35:00,33,3,3,3,333,High Value
18171.0,5,1231.31,2011-10-12 09:13:00,59,2,4,3,243,Low Value
18172.0,20,7561.68,2011-11-25 11:12:00,15,4,4,4,444,High Value
18173.0,4,2106.84,2011-09-14 11:26:00,87,2,3,4,234,Low Value
18174.0,1,104.0,2011-12-02 16:56:00,7,4,2,1,421,Loyal
18176.0,1,476.35,2010-12-16 15:45:00,358,1,2,2,122,Low Value
18177.0,6,1341.42,2011-11-08 14:44:00,31,3,4,3,343,High Value
18178.0,4,1590.81,2011-08-03 09:30:00,129,2,3,3,233,Low Value
18179.0,6,1793.17,2011-11-30 16:23:00,9,4,4,4,444,High Value
18180.0,6,1843.75,2011-12-05 08:39:00,5,4,4,4,444,High Value
18181.0,1,382.8,2011-11-15 15:08:00,24,3,2,2,322,Loyal
18183.0,2,632.07,2011-04-26 15:26:00,227,1,3,2,132,Low Value
18184.0,1,49.8,2011-11-24 15:28:00,15,4,2,1,421,Loyal
18185.0,1,304.25,2011-04-04 13:42:00,249,1,2,1,121,Low Value
18188.0,3,2001.04,2011-11-24 16:46:00,15,4,3,4,434,High Value
18189.0,2,1090.24,2011-09-23 12:40:00,78,2,3,3,233,Low Value
18190.0,2,284.46,2011-05-31 14:48:00,192,1,3,1,131,Low Value
18191.0,1,207.8,2011-03-23 12:08:00,262,1,2,1,121,Low Value
18192.0,1,957.97,2011-09-29 09:53:00,72,2,2,3,223,Low Value
18193.0,1,243.76,2011-06-27 13:58:00,165,1,2,1,121,Low Value
18194.0,1,973.84,2011-09-18 13:29:00,82,2,2,3,223,Low Value
18196.0,2,689.13,2011-09-05 16:22:00,95,2,3,3,233,Low Value
18198.0,17,5425.56,2011-12-05 14:49:00,4,4,4,4,444,High Value
18200.0,1,163.8,2011-08-25 18:45:00,106,2,2,1,221,Low Value
18202.0,3,1396.99,2011-05-24 12:12:00,200,1,3,3,133,Low Value
18203.0,1,160.42,2011-07-05 13:07:00,157,1,2,1,121,Low Value
18204.0,3,1993.7,2011-09-29 16:44:00,71,2,3,4,234,Low Value
18205.0,2,517.36,2011-11-03 13:22:00,36,3,3,2,332,Loyal
18209.0,1,139.1,2011-11-11 12:07:00,29,3,2,1,321,Loyal
18210.0,6,2621.38,2011-12-08 11:02:00,2,4,4,4,444,High Value
18211.0,5,600.07,2011-11-14 08:10:00,26,3,4,2,342,Loyal
18212.0,1,248.42,2011-01-17 16:14:00,326,1,2,1,121,Low Value
18213.0,1,232.48,2011-04-17 10:21:00,237,1,2,1,121,Low Value
18215.0,1,299.34,2011-09-11 16:05:00,89,2,2,1,221,Low Value
18216.0,1,481.75,2011-11-08 16:55:00,31,3,2,2,322,Loyal
18217.0,2,621.75,2011-11-10 13:18:00,29,3,3,2,332,Loyal
18218.0,2,662.08,2011-05-12 12:53:00,211,1,3,2,132,Low Value
18219.0,10,2069.77,2011-12-07 11:43:00,3,4,4,4,444,High Value
18220.0,1,305.28,2011-04-27 09:03:00,227,1,2,1,121,Low Value
18221.0,5,1041.61,2011-11-17 14:40:00,22,3,4,3,343,High Value
18222.0,1,443.0,2011-09-08 10:45:00,93,2,2,2,222,Low Value
18223.0,14,6484.54,2011-12-05 09:11:00,5,4,4,4,444,High Value
18224.0,1,158.95,2011-03-21 10:30:00,264,1,2,1,121,Low Value
18225.0,12,5509.12,2011-12-06 13:27:00,3,4,4,4,444,High Value
18226.0,11,5228.05,2011-10-26 13:36:00,44,3,4,4,344,High Value
18227.0,1,93.75,2011-05-06 12:23:00,218,1,2,1,121,Low Value
18228.0,2,779.9,2011-10-14 09:21:00,57,2,3,3,233,Low Value
18229.0,20,7276.9,2011-11-28 09:48:00,12,4,4,4,444,High Value
18230.0,7,2810.2,2011-11-30 13:22:00,9,4,4,4,444,High Value
18231.0,5,2083.27,2011-05-31 14:18:00,192,1,4,4,144,Low Value
18232.0,4,592.97,2011-09-19 11:49:00,82,2,3,2,232,Low Value
18233.0,1,440.0,2011-01-18 08:44:00,326,1,2,2,122,Low Value
18235.0,3,1796.48,2011-09-29 08:27:00,72,2,3,4,234,Low Value
18236.0,6,882.24,2011-11-10 08:06:00,30,3,4,3,343,High Value
18237.0,5,987.1,2011-12-07 12:49:00,3,4,4,3,443,High Value
18239.0,5,1561.61,2011-05-05 12:38:00,219,1,4,3,143,Low Value
18240.0,1,422.58,2011-10-24 13:06:00,46,3,2,2,322,Loyal
18241.0,17,2073.09,2011-11-30 12:10:00,10,4,4,4,444,High Value
18242.0,4,2232.49,2011-09-28 13:43:00,72,2,3,4,234,Low Value
18245.0,7,2567.06,2011-12-02 14:48:00,7,4,4,4,444,High Value
18246.0,2,596.1,2011-11-16 11:49:00,24,3,3,2,332,Loyal
18248.0,2,804.02,2011-08-09 10:19:00,123,2,3,3,233,Low Value
18249.0,1,95.34,2011-11-22 15:07:00,17,4,2,1,421,Loyal
18250.0,1,349.27,2011-02-02 13:16:00,310,1,2,2,122,Low Value
18251.0,1,4314.72,2011-09-13 15:03:00,87,2,2,4,224,Low Value
18252.0,2,526.67,2011-10-20 12:43:00,51,3,3,2,332,Loyal
18255.0,1,103.3,2011-09-11 13:16:00,89,2,2,1,221,Low Value
18257.0,8,2337.63,2011-10-31 14:48:00,39,3,4,4,344,High Value
18259.0,3,2338.6,2011-11-15 12:34:00,25,3,3,4,334,High Value
18260.0,6,2643.2,2011-06-20 12:37:00,173,1,4,4,144,Low Value
18261.0,2,324.24,2011-10-27 15:36:00,43,3,3,2,332,Loyal
18262.0,1,149.48,2011-07-22 16:04:00,140,2,2,1,221,Low Value
18263.0,3,1213.16,2011-11-14 09:00:00,26,3,3,3,333,High Value
18265.0,2,801.51,2011-09-28 14:10:00,72,2,3,3,233,Low Value
18268.0,1,25.5,2011-07-28 19:13:00,134,2,2,1,221,Low Value
18269.0,1,168.6,2010-12-08 13:53:00,366,1,2,1,121,Low Value
18270.0,2,283.15,2011-11-01 13:57:00,38,3,3,1,331,Loyal
18272.0,6,3078.58,2011-12-07 12:43:00,3,4,4,4,444,High Value
18273.0,3,204.0,2011-12-07 13:16:00,2,4,3,1,431,Loyal
18274.0,1,175.92,2011-11-09 17:03:00,30,3,2,1,321,Loyal
18276.0,1,335.86,2011-10-27 10:54:00,44,3,2,2,322,Loyal
18277.0,1,110.38,2011-10-12 15:22:00,58,2,2,1,221,Low Value
18278.0,1,173.9,2011-09-27 11:58:00,74,2,2,1,221,Low Value
18280.0,1,180.6,2011-03-07 09:52:00,278,1,2,1,121,Low Value
18281.0,1,80.82,2011-06-12 10:53:00,181,1,2,1,121,Low Value
18282.0,2,178.05,2011-12-02 11:43:00,8,4,3,1,431,Loyal
18283.0,16,2094.88,2011-12-06 12:02:00,4,4,4,4,444,High Value
18287.0,3,1837.28,2011-10-28 09:29:00,43,3,3,4,334,High Value
